"cart_id","user_id","created_at"
"e97cf0fd-5d19-4541-8e04-9840091912bf","7ef75a56-425d-4c10-bb6d-1100d12e6f17","2025-02-08 22:47:15"
"814d8d1b-b7ce-45b6-8929-9662cb27bc8d","cbc8d241-1fe3-4334-bbb4-f047501abaed","2024-12-31 22:47:15"
"6fdfb5d9-4e1e-495a-889c-484d73412644","b46c6f47-e1ab-47ef-a574-5c59493d90f9","2025-02-24 22:47:15"
"b970a340-7c8d-4975-8add-a8e3fa918201","49448e86-ba8b-483a-af6d-8c16967c3808","2024-12-24 22:47:15"
"2dd18dcf-cb2a-40ce-9eca-e5779ae3dfa3","d45021f7-bc75-4214-830f-7436b2643836","2025-04-03 22:47:15"
"0f779936-31ee-4cbc-9f20-9c29f1000582","ac654067-b5af-4867-aed2-fb8df72aefa8","2025-01-04 22:47:15"
"12d7c380-5a27-4eec-afdb-d2779c822eab","404f1637-530c-4cbb-b3fc-0921b193a0da","2025-05-01 22:47:15"
"bb8bd062-befa-4d16-a8cb-a6c7fec8b1d8","2336abd7-9da0-4eef-8abd-21662f19f071","2024-11-15 22:47:15"
"419f2376-5f95-4d85-8fe6-95554f69311c","f2f4af29-5fc5-4abf-9b5f-01ecbc12f60b","2025-01-29 22:47:15"
"7b935a1f-cc4f-4676-bb44-3448b4ec8541","9b5ec7ab-0d77-45f6-b0a1-2edc0d41a89b","2024-11-06 22:47:15"
"5b856dea-a952-4a19-b0e0-3e1393a2e385","1fbfd678-ab3a-4efb-b7ab-23a8e08b1cbf","2025-01-23 22:47:15"
"5cf0fbbe-44e3-4c70-b121-ae85ca787ccf","5e0d492a-9bc8-400f-a99c-3e8d6fad9486","2025-01-23 22:47:15"
"490d8690-7127-4808-b4dd-1a119062b1a7","4db52abe-9a94-4da8-a8c4-136db4348432","2025-03-23 22:47:15"
"0a89857d-1381-4e53-9e6b-0c450974fc20","ef878ddc-de62-427e-bbd5-f02ea6ca48d0","2024-11-26 22:47:15"
"ebcbc2d1-f64f-4791-b4c5-69cffbb0d841","9fe1d039-5c54-4946-a716-c57d484c7cee","2025-01-15 22:47:15"
"9b4d4037-d8b9-4f77-99f8-b2349f8abeb6","b7ab3de2-8315-4d4c-a1fe-17072e31698d","2025-03-11 22:47:15"
"63103b8e-47eb-44ea-b3eb-38e57fb68c2c","b26784c2-52b9-495f-b361-b934ac2aad1a","2025-02-19 22:47:15"
"fb7ccad2-9dbc-4e16-957b-8a01034dfa0a","363a0406-aa2c-49bf-a944-6f532908e51a","2025-04-05 22:47:15"
"c9e037f3-068f-4991-a732-7bde692abbab","891647ce-6584-4e84-ad5c-1de94bff37a3","2024-12-29 22:47:15"
"bd63ea15-bd2a-4bbc-8d87-20e2e2a7fc19","9121bf65-6e53-4106-bbfe-1b0caec47b38","2025-04-03 22:47:15"
"ac98c323-a739-4c8e-a000-d194d05edd15","f386e5e7-c21d-404c-950e-1214fbb229ae","2024-12-16 22:47:15"
"63a687c4-99dc-4c83-812d-965f2fa821c6","207ff5d1-f192-4c7d-92fc-72c516a3e948","2025-02-03 22:47:15"
"1be90a75-a6af-4062-a858-5267a6a55458","ded1f030-bba7-492a-973e-2acc7aeb9599","2024-12-04 22:47:15"
"8fc191bd-45c1-4b2e-875b-bfd020078dfa","76a24eb6-1e87-47c2-aa7d-c42844a2d09b","2025-03-01 22:47:15"
"caccdd9d-a25f-4b2c-bc7c-27178bfbbb9d","51238878-9749-4e79-9036-a8faa25f6dec","2025-04-21 22:47:15"
"97d7ce0b-572d-46da-ab0e-00af4988e463","02434e94-1a2a-41a4-84cf-576cfc4d368c","2025-03-01 22:47:15"
"ee26bd2f-731f-4ea3-94e4-b6f5918b6202","908f1b23-6d8d-4e32-b094-d79353c6fe8f","2024-12-08 22:47:15"
"b69be259-f6b7-46f7-94bb-adcb598c9ff9","19d93624-4589-4d10-a5d2-7416aa621365","2024-11-25 22:47:15"
"a8732471-f680-4303-90a7-2e53f406ebc2","274c78c2-6f4e-43cd-a12d-857fd9efd11d","2024-11-15 22:47:15"
"6ef37dcd-0884-464b-ae6e-3d15acf2fe5e","d9329a82-e816-4756-be8f-a312a86124b8","2024-12-27 22:47:15"
"89304ef6-3f20-48b9-bafc-b52a2d1b6188","554358b0-0f68-448a-b8d8-ae16ef4d96a4","2025-03-17 22:47:15"
"b40f21fb-13eb-4bfa-a08b-6bb3d87d96ef","459b29da-4816-4dce-94d2-f6a10c64bf9a","2025-03-06 22:47:15"
"fd64b3ab-e566-4d04-8c69-6a0300612ea3","4c7be4d6-9f4f-483e-ab76-ed4f525c99ce","2025-02-13 22:47:15"
"d52275ae-8026-46ec-bd9e-f2a5911db2ad","75880655-1948-4a3a-aa95-5650a4e5f6be","2024-12-24 22:47:15"
"4ca715ec-5929-4c11-8345-0c4a6f4c6ea6","3b0c4851-0ce9-4da3-a24d-eff6fc593e39","2024-12-06 22:47:15"
"8b45760b-379d-4922-be42-53a9f26ea1b8","01ed7e8b-17f7-45f9-bd60-c94cf54e92ac","2025-03-13 22:47:15"
"83db7a5d-9143-4d50-a38e-2f4ca3a0a62e","37a4617d-2565-46b5-b62c-5a583217cc27","2024-12-17 22:47:15"
"cdebf15d-9ed5-44ba-a54c-c2ed3a69e52c","c19fece7-b7ee-4b06-ac86-1c2693b9c905","2024-12-22 22:47:15"
"eb091118-67f9-46c0-9e9b-926f692885a8","49fca50e-3a93-4f7d-965e-c21c6fddc7c2","2025-02-07 22:47:15"
"bf46f12d-3425-4fec-87f3-590521c62a4c","380a0dde-baf2-449f-9700-343a8252ff98","2024-11-09 22:47:15"
"0dc66dd8-9eb2-4026-b090-b25c45f99506","babc5251-4815-4176-add7-19ce429083a7","2024-11-12 22:47:15"
"9c17368e-7c90-4050-b935-c7efb192ae20","e8502267-f3a9-4e86-a173-141c357d9b4c","2024-12-11 22:47:15"
"f0cf1d73-cdff-40d0-af43-7c1fa0fb398d","9a69a986-dd2b-40be-9784-93231b3d81a4","2025-04-29 22:47:15"
"7742c3e2-7741-4597-9bce-46307d445a56","393f2b99-e869-46dc-bcc1-a7f706b3468c","2025-04-29 22:47:15"
"60e37fc8-58cd-43a6-a828-622a13e80b9a","7902460d-e07c-4f20-91da-f342db16a9f1","2025-03-12 22:47:15"
"7d2c6bd5-a035-4c28-88f5-277dc911d8ba","8d7a9e53-6657-41ea-bc9a-e063f8885a4b","2025-01-27 22:47:15"
"902eb131-dbe8-482d-9f81-2b3990fa5731","f8d29906-360f-4ab8-ad14-e297f42b3d88","2025-03-28 22:47:15"
"cbe09a6a-76da-4cbf-86c3-e767f2368bb4","5c3bed16-c5dd-48ea-b5b9-9bb67b6e329b","2025-02-11 22:47:15"
"77cb16d9-702b-42ca-9c74-c6571605d3d1","8314ec4f-967d-4b38-8c4a-120cf0a46101","2025-02-23 22:47:15"
"75dc4dc6-dd7f-47b4-b675-13c4fca87230","e6269488-b18d-43e8-8fb9-ed3c68966dd0","2025-03-27 22:47:15"
"b19427a4-e095-490c-8183-8682e1e81178","cd0e09d4-ca85-48b4-822a-fccdcba0b028","2025-04-20 22:47:15"
"1a7c9b3a-a2fc-4583-a6e0-d238de05b5e1","6517cc95-8ad8-460a-a8e4-05bcd76cfd00","2024-12-23 22:47:15"
"1ce860db-7724-4138-a743-d33212b7f158","79751b97-b499-4317-aec8-3a24a798384b","2024-11-16 22:47:15"
"5f46c3be-21a3-4303-adbd-1c8df462693a","69c35a6d-de04-4102-bb2a-39eb90aff212","2024-12-10 22:47:15"
"d2c138d6-18b7-46cb-a480-342aefc9dfa3","e50f72fc-c03a-4fb5-b884-80b9c2421ec6","2025-01-24 22:47:15"
"b1cff2ac-38ee-44d4-b779-4b79511facbc","ecc917f8-2cc4-425c-8a3a-424b81cf641b","2024-12-08 22:47:15"
"4962f0a0-8894-40c5-9232-8376b97b929c","17e550e8-93b2-453d-b1a6-a6cd1e1bd5e2","2025-03-09 22:47:15"
"dcaaad9b-9e4d-466a-83dc-c0ba50de5029","6dee290e-2de3-4234-bb3b-98d9b139faa5","2024-11-23 22:47:15"
"192e17b0-6735-476c-8bbf-9eeed5f14dec","036190a1-ee9a-48b6-9d9c-09414f2d3a2c","2025-03-18 22:47:15"
"6285d744-6b38-4ea7-a4b9-3964d9cb31ee","6dfd64e9-05e4-4aad-8632-cd0d5a3e4a3e","2025-03-07 22:47:15"
"520223a5-013f-4ff9-82ce-e806ffd84245","9bef2a2e-9960-4f9a-b45c-dc868f753e6a","2025-02-12 22:47:15"
"0e17e1a0-b776-438f-9cff-041790d38130","da08e542-90d2-4544-86f0-8fe7c1349220","2025-04-19 22:47:15"
"91e38f24-7510-4ce9-9f5c-e4772ef88095","efd38e0a-0951-4851-8169-fa0e6758905c","2024-12-01 22:47:15"
"2d87ce29-13ff-47e8-acdb-1d4b7cfa8e27","e9695e1a-9bbc-4d56-ac7e-7357497493ca","2024-11-07 22:47:15"
"535b3e9c-6f7c-4e8b-a820-198d7256fc87","3f252eef-23d1-4e70-9c43-ce2394d767a9","2024-12-10 22:47:15"
"1738ea9e-084e-4d7c-8a54-344fd9401d02","290672b5-15c2-44fe-bdb6-bfe79dce4fe6","2025-02-08 22:47:15"
"91b60d31-9d4a-48d9-aef2-ca7652f2cf90","6f22c847-7dc5-4023-902d-f592441a4fec","2025-03-04 22:47:15"
"d0be0477-7dca-4f97-b644-4a49eef4519a","91b4af5f-f5ff-4a7a-8c49-03aa9644c69b","2025-01-01 22:47:15"
"31b1b73d-22c6-423f-9c2a-24fd5b4378fb","770af92f-df5c-4dae-904f-1397b2748659","2025-04-26 22:47:15"
"e7329579-1804-4b4d-bff8-c70d36207126","403d234a-ac45-4566-8e3a-e1ebfb664ec2","2024-12-04 22:47:15"
"bf271c94-f56a-4240-ba6b-b0f426cd7953","bbe56143-8a7f-4804-ba75-20128de325a6","2024-11-23 22:47:15"
"63ce2d1e-391a-416c-85df-20ee609093c2","391104e0-87c1-4869-bfb4-a47c689b1046","2024-12-17 22:47:15"
"cedf7839-010c-4ba3-92a9-b4df8298a19d","8d759598-c5a3-4c12-94e5-64686cf31fc3","2025-05-02 22:47:15"
"0f6c2fe3-9285-4ace-a2a8-b1d668ad80d4","416d7763-ba19-4f88-9472-fb977f1094dd","2025-01-09 22:47:15"
"ecfc8984-6ff8-402a-be70-0e974731f0ce","dac7c78e-c468-4dff-819b-dafe774a3569","2025-04-19 22:47:15"
"ac857ab7-74c6-458c-8e10-470d0cf0ac46","1baf60e3-898b-4833-ab07-3f1aea685f6a","2024-12-11 22:47:15"
"8c110f92-4515-4e2b-be1d-c9cfc07c5c8e","9130f260-7885-4f69-babc-cba8d2d78619","2025-01-08 22:47:15"
"b135d976-1be1-4f54-89a9-5d8ae4f3adc1","769fb5da-4626-4443-a11f-8d910da5eab9","2025-02-16 22:47:15"
"635aadf3-a23f-43f2-b548-7b730335da3e","87d5c500-a709-41ac-8e54-6916f7cecd1a","2024-11-17 22:47:15"
"bfdf3b63-10a4-40f2-883b-dd608efebfda","bf7c64b0-dcdf-44d7-b19e-c72e39ea9eba","2024-11-08 22:47:15"
"95f522a8-ddde-4218-bd79-a7e25c029b14","67923302-4c1f-4ca0-8c5e-f202891131c4","2025-01-02 22:47:15"
"f43a55c9-ecb6-40ed-8166-77c271b8ad57","f0ce928a-8f79-41e1-a4a8-4279326f2652","2024-12-07 22:47:15"
"92536232-c94a-4712-8a59-d63d65e6c4f8","2f0f6cef-0770-4eef-81aa-b34c5430dc68","2024-12-20 22:47:15"
"1bf52b5d-cce8-4532-ba85-ffc199e7220e","ca7e195d-e170-4537-a383-fb5537dc6f87","2025-03-17 22:47:15"
"b7a8fd27-f329-4538-841a-7e339608be33","31f0c029-b9c0-4246-8297-f9bac9393588","2025-01-26 22:47:15"
"e2452ad2-945d-4903-91d2-eb58d601d61a","1bc496d7-b2df-4d12-bb7a-0c6dc325490f","2025-01-27 22:47:15"
"f80e8f20-de40-4bdd-ad5a-8dcf7ec7f733","6cbdc77a-0c9f-4334-a832-38b9ee3bd9d6","2025-03-20 22:47:15"
"c518f65a-f2e0-47d9-84fe-0e10b57f8b19","7ada950c-8c98-482e-ac76-bd9fc702ddbe","2025-02-12 22:47:15"
"3851ab12-3ce5-4397-a074-40125e69b987","842f404b-fa3a-49f8-b6eb-06292e5bca13","2024-12-28 22:47:15"
"295a383c-90dd-424f-b734-7cfdb8954860","50ff5cc1-b5df-4321-bbd0-df20cf9663dc","2025-04-17 22:47:15"
"4cbf52cb-a9c6-4cf5-b678-36b7cc55c3e8","164d9bfd-1b64-4a2e-a86a-cad141edd1bc","2024-11-17 22:47:15"
"847e77ff-9d25-40bd-8c43-d5f50bf4f2ca","62488ff6-ba07-4bb1-ab8b-c84588320603","2025-03-03 22:47:15"
"d65c3473-ee4f-4c61-956e-c786db782526","6b1896c4-cf3f-41ae-948b-b548411d9c67","2024-11-17 22:47:15"
"f19d3a8e-f903-40df-b7e8-4cc6ca1bdd16","b029d1d9-cc4d-4f12-8714-511206be6409","2025-03-27 22:47:15"
"b96975ee-778d-42f3-8b26-c84c6694edfc","b15e2491-4d71-4032-a715-e9836d9407d0","2024-11-17 22:47:15"
"c6688fa4-0c4b-419f-83b3-e9e4cc61ebab","3e8fb3c0-2f71-4458-a6f7-7056ae34f909","2025-02-09 22:47:15"
"2bb31632-ddd7-40e4-8fac-bee81cf09d07","20e3d2ae-c352-4e06-a818-b04c17b677eb","2024-11-09 22:47:15"
"6b52543d-f6c3-401b-a6e9-0af1c9934d17","66c0e3ec-849d-4944-8eda-1a627e7745c3","2025-02-01 22:47:15"
"f98a613b-d0f5-4fbe-81a3-6201a8a3535b","60519afa-5e17-4de8-a257-16dd6130ce3f","2024-11-15 22:47:15"
"5371f18e-5fab-451d-b876-72fda2f4539b","5d303f6c-2f1c-4aec-b0f6-dc2aa8e7152d","2024-11-26 22:47:15"
"25d946b0-768d-4cd8-b922-760a396716a9","d22e4c10-cec7-4aaa-bc17-e48f4335d33c","2025-01-14 22:47:15"
"ea9ee6d0-d787-4c8f-ab99-8352453a3a6a","a026bb8f-7fd0-4149-a809-0d20b2902786","2024-12-02 22:47:15"
"9d669391-6243-4590-bc7f-8fe77803d7bf","81833871-2080-4d5d-aca8-d46c572d573b","2024-12-21 22:47:15"
"644ccc08-946d-4f22-8675-c39b15f51b5f","02b1b082-0b45-4f03-8f68-1152b95d263c","2025-01-23 22:47:15"
"10b102b0-1f14-49c4-a91f-24c3adb4a366","00cc5806-1a53-4e0b-af72-1634f5caa68d","2025-03-06 22:47:15"
"c5672298-8c63-42b7-b658-b4275241ebf2","4016bb1b-8d5f-401a-b716-64696e16f59a","2024-12-08 22:47:15"
"5943571d-a15a-42fd-a587-e67e820354c3","2fe9c094-b30c-44b0-9be9-436905202d1c","2024-12-01 22:47:15"
"afad694e-fe4d-4f08-bc33-463475a2eaa5","5b68c65c-dab0-4a18-8233-51e302aefcd0","2025-03-17 22:47:15"
"c364a837-05a7-4235-8da8-032bf0ebdb65","c572867a-13b1-4298-b72d-8754cf2cbbac","2025-01-12 22:47:15"
"187a05dd-adc3-43df-a327-9021266e5cfb","76613898-5280-4ba5-8e67-5cf29d25bcd9","2025-02-10 22:47:15"
"9664a7bb-b9c2-4bff-a1d3-23143f4fa180","ec72af79-bf7c-43b0-bdfa-1fa5f90fe0bf","2025-04-11 22:47:15"
"6a02a463-45f2-426d-9606-e09c00d71b38","83bc45ca-c5b6-4e88-99f8-f7394b7186a6","2024-12-30 22:47:15"
"81a65d63-fcab-4abe-af2b-d80bfc41ef46","ea508ba1-0452-4b77-9907-6f1f856b3957","2025-02-24 22:47:15"
"992343d7-c79b-43ba-8ab9-0df5802cac37","310aaeb2-b40e-47aa-99bb-23a5851d23f5","2024-12-25 22:47:15"
"86df1a94-c880-415c-81c2-7dd557e65495","d04c81b9-deb6-41d1-b74d-3c4b87044451","2025-02-12 22:47:15"
"e84cc2e0-958d-4cb9-b0d4-f7056ea051ce","55d4d704-e191-44df-9aaa-8f9e3df4ec3b","2025-03-04 22:47:15"
"82844e4a-dd3b-495e-884d-99ba49c0191e","221dff75-cbc2-4443-a66b-8d0f3bce6358","2025-03-02 22:47:15"
"3d7ddb0a-1ea8-4db3-ae95-ddf15156181f","614463d1-3a17-4e95-91e6-b32e425cbcbb","2025-04-19 22:47:15"
"a78b555e-8e95-4089-995c-81c5e4f8d43b","c0bdeaf4-88d1-420b-a414-a742fa42b257","2025-03-06 22:47:15"
"c7755ae7-1571-4a84-a6cc-3d1bc12ebeb1","d21b0d39-8ef4-4fc0-a64b-537fdf4ae88e","2025-01-28 22:47:15"
"4ddc8d61-9eb7-4933-bd8e-55543265dfda","5b8922c5-ded8-43e8-98b2-2cb270567819","2025-04-19 22:47:15"
"50d26289-b405-4d9e-b954-712bf643118f","61edfd38-68be-4bf8-b7d5-efd30c2e7d87","2025-01-15 22:47:15"
"e896a1ed-4228-4e1e-84b5-705e7a5d992b","761e4bb3-2d4c-4d3a-963a-b2f4d36b08ca","2025-03-09 22:47:15"
"e3d1baa6-b17b-4074-9633-7df04e0393a3","22466173-9991-431e-9bdb-f8407e4492a1","2025-01-04 22:47:15"
"fe05a69c-858f-438d-820e-485a5dceafbd","3aa31d3b-92aa-4b10-bff2-70ba1c4f5a51","2024-12-29 22:47:15"
"dfcbc78d-c1df-49b6-80fa-6720ac3b1224","66a5a9cd-8428-4847-837a-0f5272d003ea","2025-02-21 22:47:15"
"c1c60f17-89b2-4041-8cc0-4ea132fd0170","cf0601c3-997a-4097-ae18-e22f976c5047","2025-02-12 22:47:15"
"97af72d9-5515-4e3c-8c40-ea119d2cc6db","b3e628f2-6459-4e57-ab84-b930d303dad3","2025-01-16 22:47:15"
"482a8b3c-5c2d-4d6b-b7c8-33c042c54d44","472cf92d-3c0b-4252-84bb-93df7e23e8dc","2024-12-21 22:47:15"
"c1c353cf-312f-4bdc-a4cc-5515edcb8869","79b62192-a499-402b-96b2-cd0298708055","2025-01-21 22:47:15"
"4de1d6cb-0384-4ec7-a7b8-9cc6f146dad9","35d65f02-7859-4c3b-929a-165cf012fc1a","2024-11-11 22:47:15"
"c38dee72-902d-4d48-8062-5a21e6590c41","1a9551e9-b191-476d-a9c9-1571a4cd6223","2025-01-24 22:47:15"
"a7edc9fb-0f8a-4a16-8073-9458a588ecdf","9f069e45-bf86-4ea7-a3cf-fbc16a8d3da5","2025-02-22 22:47:15"
"3b5e3480-499a-46de-aa81-7dab4e12ddfd","695663d0-0103-4877-8e2f-0f817032ebdb","2025-04-22 22:47:15"
"ac447126-f8df-4ee6-a224-4610ef45ac55","53109da3-3481-4433-a298-f1be797a0ab5","2024-11-23 22:47:15"
"274ac00c-3b51-4416-9a35-14bcca731904","69466e0e-5155-42a8-9fef-897886fbfaea","2025-01-27 22:47:15"
"bbe1e518-ceea-4da8-9c84-b6d7e629b9e3","5ead3943-f15f-4e61-abb4-4179a56fbeef","2025-01-13 22:47:15"
"dec77867-4deb-4330-92e1-e33f2fe2d702","41d9799c-2af5-4630-a9be-fc56b0de6443","2025-03-20 22:47:15"
"20abb13d-7483-46d6-af1c-45fe33080675","bfe7113f-1949-451e-b816-12d04eb4fe52","2025-03-28 22:47:15"
"2a82c469-712f-40f6-a059-8426a34f7c81","b9f4febf-ad83-4e17-b56a-52a5341f3f44","2025-05-05 22:47:15"
"654faa40-fe33-4104-bbab-3d93082c4b8f","9a3ea196-d69c-4bcd-9e4a-19bdd25a805b","2025-04-17 22:47:15"
"bfbfff03-9160-4076-a223-b2919b3dd980","89e9b40c-b719-4e92-9949-012d22ec6eb1","2024-11-27 22:47:15"
"4a9f28d0-4aaf-43a3-b505-e38d9e94e8ab","ab0db9dc-8696-4a2b-a6e8-9962e7196cab","2025-01-04 22:47:15"
"637414a8-addb-4f30-bf53-4be788d097ae","bc77966d-6e85-4244-a42f-0d23b2e7964f","2024-11-18 22:47:15"
"c3c6bb68-39f3-40d8-863a-12c4eca9de95","7ab92fb0-6ca9-420f-8202-4f486db7ce5c","2025-04-07 22:47:15"
"904711bc-443d-41a4-8a61-4e43e7e0ccf7","b342d778-ea33-4e33-a627-b9414ca5edc4","2024-11-23 22:47:15"
"e6aa5254-49fc-4200-a7e7-3aea34d4c87d","069470a6-3e4f-462c-acc9-68de838fcba2","2025-01-09 22:47:15"
"5123ac2b-bb0b-4ec1-8f58-0fecd74ec1b0","691074cf-56f3-4ee4-a88a-e44eb4d5eb8c","2025-04-29 22:47:15"
"020a2995-8b62-4e9b-b055-7acad32f6e86","13142e38-e2ba-4ffa-9a81-be1ad69ace26","2025-04-29 22:47:15"
"ff23d946-2726-44d4-af75-09c6c49f8cdc","3f9bce25-dfc6-4f5f-9001-3f3419130324","2024-12-16 22:47:15"
"9071cff1-8df8-42ea-96f0-748f748111c5","c8de6470-ead6-4614-8219-75fde5d2bdb8","2025-03-13 22:47:15"
"dd674414-1ee9-4645-beda-c6f2d7652760","dfaa0348-5109-4aba-b568-00d2c4658a91","2025-01-24 22:47:15"
"a0b00553-7ab1-4665-833b-b4a3956b0798","76431b27-a64b-4dda-95bd-052c34f518f7","2025-01-02 22:47:15"
"295485ce-cfd8-4b1e-86bd-d56e4634d45b","b57e4be2-b8c3-4f98-82ee-807876793301","2025-01-22 22:47:15"
"9d43ac8c-ca71-4290-9330-999aa0ba5ac7","a701f1f6-aaf7-499e-8452-f1011cb74376","2025-03-03 22:47:15"
"cc19ee2a-9ab2-477c-b802-b8d84ef4d65e","1030af0a-e10c-4af7-a433-8d6c3a43f593","2024-12-25 22:47:15"
"51b93c1f-813d-44b4-85cd-ab4d68286020","06eaa48d-bbb0-4ab7-bdc6-321ad16fd3f7","2025-03-18 22:47:15"
"8dc20624-4ac2-4d03-b397-be01bdfacb9a","c248b477-7276-4e49-92a7-85fe62dbf90b","2025-04-22 22:47:15"
"681fbfa4-c094-4b9d-b03b-5aecb81c9d95","865014d0-2c41-4099-831b-918bda466a4d","2025-02-14 22:47:15"
"cf37a5d7-551b-4fc6-8455-ee1b6e482e96","85b12be5-6bb6-441a-aa5b-2bad2b476555","2025-04-04 22:47:15"
"1ffaef74-5485-4a57-8f61-4bfebc87ec09","28623114-7134-45f4-80a7-79d4b2295bc3","2025-03-21 22:47:15"
"dbfb7312-a084-4192-b982-dcdf95978e86","5a9a7a84-6c22-4c2f-af1f-17c984d86bf0","2025-01-21 22:47:15"
"7e163bb6-75ae-42ca-8f93-f89e0f24c20b","ed5f01f7-4765-4246-aed4-6fef15b6c04e","2025-01-21 22:47:15"
"0c85d943-3818-49a2-b049-ca45f84a92af","03c0b26c-be7c-4775-b882-fc15584144ea","2025-02-13 22:47:15"
"c732704c-6300-47fb-b7c2-a0f6fb4e80f1","f8d580fe-2adb-4fb2-b3e8-d344233cb10e","2025-02-04 22:47:15"
"51a1cade-2b62-45a0-a429-de62fe7cbc33","7315a43a-321d-4b30-aa7a-94b715986576","2025-01-08 22:47:15"
"b452ca5d-54cd-4368-ade1-fb4af1538a45","8f6de3ff-be9f-4162-850c-05f57f6915b9","2024-11-27 22:47:15"
"1fef7e08-1f3d-48ed-b281-03e3901dc087","ad652114-b0c6-453f-98b5-ad87b57abcee","2024-12-01 22:47:15"
"5b63bd1e-1e94-4494-98b0-e7161b4a0f59","aa034904-29cb-4a53-ba1a-58f57690796f","2025-03-02 22:47:15"
"4514c7be-05b6-4b3e-a8e5-8129b35da8cd","5de98958-b17f-4d6c-9da9-4a82ec170170","2024-12-14 22:47:15"
"f2ecd5e5-e3dc-407f-b28b-47f425941196","344b6a97-8761-40d9-aa23-cb8482f0acbf","2025-04-05 22:47:15"
"fa5bce6b-c129-44bf-8927-966a15d10e70","b9752f63-ca3c-4f2b-b748-205328c517d0","2025-02-10 22:47:15"
"0e4081a1-6ab8-4bcc-b588-ee6676cfd3f3","30bc3c64-5d19-4574-bb0d-5f62d3c578bd","2025-03-25 22:47:15"
"230b8cee-cdbd-444a-a9e2-a507347af04b","40339494-8609-46d1-8b80-45900b643316","2025-01-19 22:47:15"
"9b851087-c09b-4535-a92c-d8a6e232d702","4b2f2a7d-7a07-4a23-8287-b6d6b229008d","2025-01-15 22:47:15"
"6597fc48-3475-4b70-8890-56c93035c87d","b3a01da2-db3e-4205-85a5-b1210cead2b8","2024-11-22 22:47:15"
"34956d82-db18-4b37-84c6-06e5bdc74c13","5fdc1b24-ac93-47db-ac06-95a3edf19394","2025-01-16 22:47:15"
"bb08ea9d-d744-46a8-a384-fa12523f523a","f306b617-3962-467a-af89-2345545af5fc","2025-04-27 22:47:15"
"fb993b4f-784a-4e70-aea1-71b1237d5fcc","0e018f97-f295-4cd8-848c-e936d83fbd1c","2024-12-23 22:47:15"
"fbe2a02f-0d7d-4142-a557-c9a739e4db8a","b4617073-9875-4d0c-adf7-942e7f4a6f1a","2025-01-02 22:47:15"
"87592404-6504-41b5-bdb1-603df411fd9f","3036bd8b-0a4e-4acb-9533-8838bbd2dcf0","2025-01-26 22:47:15"
"f0b25e71-622e-477d-8fe0-17204a8aef5a","4ec3774e-407f-4c98-bd07-db487bf194de","2025-01-10 22:47:15"
"21b82733-6b97-4303-ab58-5518f61db1d6","0632a372-917c-4731-9bfc-490dce91dc0d","2025-03-30 22:47:15"
"c02bee88-a27b-4a17-8d44-12a04fdf717a","36c0a8fe-64ea-46db-a2be-8022c8a25d5c","2025-02-21 22:47:15"
"11bddeec-4cc8-44ad-a440-82681051f367","ac6c122c-951e-4835-b4b2-21edc120eabc","2024-11-12 22:47:15"
"998d434d-678e-4719-bf03-8b33abeafbc2","bdf0e17a-05b6-4517-9fdb-76e26408e9bb","2024-12-22 22:47:15"
"7e4cf00e-c470-443a-9068-26c1175d3dfa","6c9ed811-23bd-431a-8e08-1447ebd8ccd3","2025-02-07 22:47:15"
"8f249c6b-c7b4-413d-b7b2-3e64374ccb48","4bfeb79e-1de2-4509-91a3-fa03bcac9821","2025-04-02 22:47:15"
"a09c2014-6354-4d64-a25f-cadd955fa942","466566e1-92e6-44d3-b394-7cf74d498a61","2025-04-21 22:47:15"
"6c415155-c200-4c37-855e-95b104c24421","b9513569-b7ee-431e-a9d9-b5749a37d8a3","2024-12-18 22:47:15"
"b1929fdb-db93-4067-a20c-19e3907d6145","ee70d71b-62d4-4902-8823-b7fb963f4465","2025-01-04 22:47:15"
"f9f3eba9-4000-492e-be12-9e12457b3ace","8ac34620-2d40-4c0c-87e3-f2786f4ca815","2025-03-22 22:47:15"
"0a4f8251-caec-4627-b7cc-ff0b0c33e502","ced402cb-75ef-45c2-978c-3c83c891f5f7","2025-03-17 22:47:15"
"83c7fd1b-b2c3-489c-8013-9f17a0d04c60","e30c8e5f-b39e-488e-b33f-19873a3ae53b","2025-03-12 22:47:15"
"253beaa9-61ac-49a8-8569-f7e198be4a90","3e94cadf-47fa-4ebd-8814-b06790585685","2025-04-17 22:47:15"
"a831c8e4-0856-4484-8e92-6ea367d93df5","6e343a23-162f-4e0d-9757-4055e65adce8","2025-05-01 22:47:15"
"c8fa6168-3820-4c03-829e-8fd4d7ca86f2","13b94d8d-3a61-4f85-a8f2-7541c050a64f","2025-02-13 22:47:15"
"11aac245-3c9d-49af-8891-7c11190ff65b","6db405f8-c8e5-4712-bde0-6797a8a580c5","2025-01-05 22:47:15"
"bb530d21-b567-42d3-9bb5-15da4dcc16b3","58d9b4dc-7860-4b3e-a3ac-32e46a101fca","2025-03-04 22:47:15"
"b5499880-7c94-4468-b135-7f5d66e6dcdf","dc3d543c-d3e5-4478-a88d-a236804e51bb","2025-01-07 22:47:15"
"4a31146b-4f17-47bd-981d-700e811981a1","2167528e-731f-4949-89a6-6fccff07f9a0","2024-12-06 22:47:15"
"5878b70b-23c6-45c8-95ad-0745836f72c9","0b95f3f7-ebf3-44ac-a0ce-c66685500c0f","2024-12-13 22:47:15"
"5ba211f3-8b05-40ef-ae29-8ffa87e831b1","49b7e536-23e8-4ddf-99fd-9b69eb51f961","2025-04-29 22:47:15"
"e7da614c-9fba-407c-86ce-dae44bf2dc3c","ffd8f772-aa3c-4505-ae86-5bde4bd9de38","2025-05-03 22:47:15"
"39babacf-98ff-4c44-aaf4-0a268c7f6e14","44a144cb-8e84-46f2-a3c0-49b67cce0190","2024-12-29 22:47:15"
"07a0aab6-e4cb-463e-8c03-e5bf78108d38","f3e94622-b02e-42af-ad68-ae20e43ec7ab","2025-04-03 22:47:15"
"d302e570-aa81-4eed-a627-9fec15f97f23","8e1673ac-2181-4bcf-9f45-93c4320ea17f","2025-01-14 22:47:15"
"b19fd6c4-4fa4-48b7-892a-456eddc66777","c8b224c7-d1af-4961-8390-bed10c92dd45","2025-04-11 22:47:15"
"0c6fd200-7a07-4925-b01f-15155aa9f85a","7e5901ce-d2ed-4b4d-9e6c-f9f06c6fe47e","2025-02-11 22:47:15"
"5fd31897-13f5-43b7-8aef-911d5f83ed1f","e9eebf86-c8ef-40fe-8536-7fabd5c328c0","2025-01-04 22:47:15"
"8a2e3265-9fdf-4005-909d-ca4dfc6cedae","68dc7bdc-6aa6-47ed-9b1f-3d4b90234c09","2025-01-09 22:47:15"
"fbd4f4be-5e45-49ec-9776-126166992cee","ee39fc93-b5de-4fac-a2d1-c650500fd16a","2025-03-21 22:47:15"
"9a570c35-ad0e-42c2-afa2-3fe5d8dc8c21","6bc6d0e4-b821-4f55-8059-e5d2d6a69db2","2024-12-12 22:47:15"
"8034d0a5-56fa-4140-aa50-e5354270ab5d","4e022b7c-3e6e-48e3-aa52-0de2dea87c5c","2024-11-09 22:47:15"
"cedaede5-0652-43ff-862e-a27bca858301","7c3ee75e-c3bd-45a4-aba4-5e6f74405424","2025-05-02 22:47:15"
"0d87836d-8eca-47a3-9cea-c7df3d38882a","166cf9ac-4c55-4d21-b965-7c164c7d3e1c","2024-12-11 22:47:15"
"757ce33d-c89d-4cdd-89e2-391a2847daee","ac8a49b0-99ac-4217-a73f-c9be75fef988","2025-03-29 22:47:15"
"0fb54cdb-00fa-4420-9230-1ad4d1828d0b","e456f459-8794-4b78-9e52-2499f42e0b29","2024-12-13 22:47:15"
"a64a1fe8-4c7e-450e-8870-cee090012e3d","ca082f1a-822d-4d68-80ac-c65fbe20fd03","2025-03-05 22:47:15"
"e78ac462-c15a-44ac-82a1-1856fdd6b6a2","552aa736-c085-43ef-a522-d8c9e024cbe5","2025-03-01 22:47:15"
"1eccc5e9-f1fb-4f83-809e-f97013da5c21","a35c325b-07a1-4f57-80d4-e4a53853d2aa","2024-12-02 22:47:15"
"1af9fb34-592f-4454-87d3-9c3a90b0f057","416c543f-fb32-408e-9a5a-134ac3b0fe94","2024-11-07 22:47:15"
"2192b252-f445-4a27-98a1-36a60c035e84","7c0c0798-4db4-49b6-9023-b7d1a6714f7d","2025-04-22 22:47:15"
"797da4ca-e8ea-4928-8d82-7a8d077f023f","7acc4a0e-5a15-494b-a6b0-ba3000914514","2025-04-13 22:47:15"
"8300b1de-215a-472a-a852-3c8af0f88f8f","9865b44e-0319-4641-91b8-c7cd36263698","2025-01-23 22:47:15"
"1a4d30cf-c495-4fb0-959d-a961b5ac0524","44c0cba2-8ee0-468e-8356-90bd1984c52c","2025-02-10 22:47:15"
"b4014cb3-9e7e-40c6-af99-bef1eb90e084","2bc3ed1d-b60f-445e-9e5f-89defc6601a8","2025-01-19 22:47:15"
"61776cbc-2fab-4199-99c1-04a32a3cf23d","5dc6b463-1cb2-4f3b-ac89-7743dfc9143e","2025-01-18 22:47:15"
"2f17eb87-75f6-409c-a3f7-e494a69bae2b","fc241b5f-58cc-4117-94ff-e1659136e3e5","2025-01-04 22:47:15"
"611cfe08-bee2-4017-b929-def78a1d444b","e2041f88-ab4f-4598-ad6c-4a06d191cbef","2025-02-01 22:47:15"
"7fa669b0-9681-49be-ab82-22cc03a098d9","de1dc3b5-e451-4590-b894-bd16b099ebc6","2024-12-21 22:47:15"
"473a7a12-17d4-42cd-9dd0-ac0492530bc8","077410e7-b679-4f17-8444-78ebd6b0c716","2025-04-15 22:47:15"
"c34b22e4-82ba-49cf-9265-cba43f06fc9e","e42ab7c7-80b2-4b8d-8791-13eaa08869bd","2025-01-31 22:47:15"
"ba462690-3baa-452b-9615-37ece4deb2d2","9114d682-31c5-4bae-9e0d-f1cf68321e29","2025-02-06 22:47:15"
"f12b2fff-e44d-4c32-9fff-8638eb443d03","238f4fec-be0a-49fb-a1f3-d3c59ad1e17d","2024-11-08 22:47:15"
"cb330ea2-44e9-4015-9345-c6c00d778202","729d7735-e5a8-428d-90fd-e3e0ee86f79c","2024-12-09 22:47:15"
"c92c3266-38d5-491d-8527-04b50494b67d","3106c43e-16a2-4efb-8d10-dd6ddf2432ab","2025-01-21 22:47:15"
"99de8d00-8768-415f-8fc0-1a78cc9c57ad","a752b2a2-b368-4733-a75e-dc67cd69e368","2024-12-11 22:47:15"
"143d6fb8-7631-4fad-aecd-d1536dfe000a","cd0edcc4-0696-4953-a857-04f29a6e8fd9","2025-01-23 22:47:15"
"e93c2e93-420c-4db5-8bb2-ad8fb35e2241","a5298f9a-0e56-4db4-bb91-acc0fc968987","2025-01-29 22:47:15"
"aa4dc3f7-ff62-45bc-b3a7-320ac2a6ff6f","7fcc20ca-3bbe-41b3-83f1-9cd9edd916d4","2025-04-07 22:47:15"
"25b7104c-5283-472e-815a-1c0340a47cdd","5d70d5bb-1a87-4b9d-852c-6b50b92372c0","2024-12-08 22:47:15"
"9bd95d68-42bc-43e6-b6b8-87bac2c8d641","2e51e9c4-47aa-4c3d-a12b-b9a43e18e1a3","2025-03-25 22:47:15"
"cd6c0d05-6ae2-4926-b451-171d67ebb14d","433c6a36-1ada-40ea-a8a1-8ed56faba54f","2024-12-14 22:47:15"
"e69bfdc5-7de2-4074-be7a-c4b410c149b3","b59accec-31cc-4aaa-8417-1e84b8a627f2","2025-02-02 22:47:15"
"2ffdaa03-6413-4b7f-b3ed-55be0dce5932","5ee20fe3-d333-45ae-ada5-ac74c612f9dc","2025-01-16 22:47:15"
"2b416e4a-79a7-4332-94ff-cf3c8fe35f4d","aab3d062-7c1b-43b4-b2e6-c45f6008d3bd","2025-03-07 22:47:15"
"639c6a09-e9c7-454e-8873-22cc56450177","816c5df9-3474-41f4-8661-f2d364f158c7","2024-12-22 22:47:15"
"5c99d882-5251-4556-abf8-cff93032899d","5ee63ffa-f784-4204-806a-dd2bd17189ac","2024-11-28 22:47:15"
"9a1d4f83-79e1-4eb0-a871-6f2569d66188","27d80d41-17c8-49b7-9c85-bf45e43b8970","2025-05-01 22:47:15"
"915c60de-8f6b-4d72-9b06-adb194d82268","fa67557c-7032-4a8d-b143-fe799d06df15","2025-03-24 22:47:15"
"57998eb3-1dc8-4895-b233-ff2d7726fd37","0af1c09e-0343-4458-8958-ad6d45f1110e","2025-02-22 22:47:15"
"facdca17-9de2-414d-8feb-d14f653c5d52","e9141e65-58dd-4f4c-9326-8d7ae9970397","2024-12-02 22:47:15"
"bf5ce1a2-ba00-43d8-bda8-180e70c0bbab","aed750eb-7b55-4cd8-8c8c-45dedbedd116","2024-12-07 22:47:15"
"ffa51120-3c18-4d86-904b-ec6bf3c15cd9","f8318974-65b0-4868-9dcc-af2bf5f2ce2c","2024-12-19 22:47:15"
"c4e18cb6-995a-451f-9bec-2e477badd71b","bfa8ad0c-8d7a-40ac-b6ca-c2f27ace7756","2024-11-25 22:47:15"
"8b6c96a8-f8f7-4c11-b73f-8565c4a900f1","fa520a86-8521-4dd2-83f9-5122b6951724","2025-01-03 22:47:15"
"c8738d3c-7523-4b32-9be6-42c1a9405ddb","6f05a83f-0616-4555-a653-a6dee1b527b7","2025-03-08 22:47:15"
"b666ca42-00ce-4e71-8df9-7af9abcc7cc8","6c2311cf-2890-4212-89e5-9fcf32cb0053","2024-12-07 22:47:15"
"fc3ccc87-1e1d-4f16-b7aa-a5ffc78380d5","56f07e3e-7a10-42c0-825d-d9ffceef2f70","2024-12-09 22:47:15"
"88a52355-068b-4516-bf10-b65a09d2542b","c67b3a0e-69be-4055-9444-19ffb7d71cca","2025-03-17 22:47:15"
"e8e23422-9834-48ad-92b6-70ae0e5c4e0c","6293e174-1d13-4e9e-ad04-a6257d4ddbd8","2025-04-19 22:47:15"
"40698f11-1650-449b-b8bd-8a6de3036388","dc026e25-0a5b-4934-b0cf-3032af781336","2024-11-11 22:47:15"
"209dd821-fe3b-4250-8ee4-d77dd64ebc4a","780cfaaf-ef29-4049-a920-3f23535db42c","2025-04-21 22:47:15"
"c237059c-0aa6-4d8c-93a8-f580ed5b84a4","e195dbc6-8332-44b2-a843-c8b9a8ae2276","2024-12-26 22:47:15"
"1ac580da-ad55-4d5b-ad00-e0894b179a40","8ad4e1da-3e80-49d3-81e5-63743233be23","2025-05-01 22:47:15"
"d129ca14-52be-4c63-9617-8a026b7153f1","03b75277-c8f5-442d-bf20-8b5666b24fae","2024-12-07 22:47:15"
"441a90f6-535d-42ff-9f53-96e35e4be867","a953b431-3568-4f5a-8012-8efdb69988c2","2024-12-24 22:47:15"
"4e19f61b-57f0-4074-8687-80254deb5a28","07220a2a-1f79-498e-a533-7b01d97beb75","2025-02-22 22:47:15"
"9a0c9bb5-079b-4f3c-bcb0-86320edffa24","aa7e59d0-37a5-49b8-a449-611a5f43459e","2025-03-03 22:47:15"
"dabbec34-8765-4a65-86f1-11a34aa52844","cf71a57e-a28a-4466-8b6e-41a5a4b894c3","2025-01-06 22:47:15"
"65c4a957-d1ae-4d70-b8e9-21432d26bc76","4fd425f3-4eee-4144-9fe9-8ea01af4f45a","2025-04-12 22:47:15"
"a10f2898-1601-42a8-bc6e-a6c94b9b53be","b79dc6fd-a7b0-43be-91b3-fdde507ec176","2024-11-22 22:47:15"
"a7c41123-66fc-4991-a77f-969bf8e104f8","17d20d7c-1db8-4766-9810-916895f4930a","2025-03-09 22:47:15"
"a27ab127-cf4b-47cc-81c0-568bb68df8c7","24ec6e06-8f40-4af7-8e71-1475883b490a","2025-02-06 22:47:15"
"c36afb67-f48f-43bb-8c48-1cdfa650d558","2164bb1d-9235-435b-8274-cb4ac3d521a3","2025-04-29 22:47:15"
"ea0737bb-cf01-431d-9613-58127ea1f024","a31ef43c-430d-43fc-a8e4-4ee244392e54","2024-11-09 22:47:15"
"aacd1de2-fe24-4865-8fea-f37a6e9bdaed","3029d4e0-f422-4339-b5e7-15ee705425c7","2024-12-25 22:47:15"
"d9d98ee5-b829-4881-9ba5-e5950a9f484c","a9d0f570-d761-415d-af8e-5875c72f8ace","2025-04-08 22:47:15"
"7f8933d4-30a8-47c6-9331-ea2a5d2ad543","e9cf78f6-2eee-4587-872d-680849b87bab","2024-11-21 22:47:15"
"c57a67c3-1c1b-4461-a9fa-aa74955a31e0","b217cc23-5cf9-4fb0-ae52-152aeb682bf5","2024-11-30 22:47:15"
"e341869b-9a7e-4311-b279-ffeba249ee58","22dad7e8-11d1-4601-9dbe-d81e6fb5eafa","2025-03-21 22:47:15"
"bf5b3489-1371-432b-8589-a55bd94a1d74","b13c6f1f-d2eb-4cb2-896b-a8798684a756","2024-12-11 22:47:15"
"c4f1b5b2-865f-4f61-933a-c0740889892e","3410f1aa-a24e-49d3-93d3-c4495c349716","2025-04-27 22:47:15"
"c865bd17-201b-4f38-adbb-e6a855e87f40","0a6b290a-b6d5-4e0a-98e9-d421c4f2373c","2024-11-19 22:47:15"
"85a3e808-3d08-44a2-b1fa-508143167463","11b0a74d-5c2e-4638-90cf-a49b0fe60444","2024-12-01 22:47:15"
"b8dfd8f0-3314-411f-935d-276e1905e95e","64486b53-a1e7-4daa-bc68-ff4b1cb09363","2025-01-27 22:47:15"
"aeae3e8f-9e28-4dc7-9b41-dd52d3614789","778dc474-2c9b-483a-bfc5-ad7c1eb68976","2025-01-08 22:47:15"
"c755b013-43bf-4d63-8802-106b4610b1c6","6054e547-e693-42e9-9811-fed744b8f6dd","2025-03-25 22:47:15"
"2c58d86d-22f5-4189-b829-8b4265e352ad","d7655750-77b5-4f88-996d-7a96fa46ea42","2025-01-04 22:47:15"
"5bf79355-64a8-4ec2-a5c2-b7071895adf6","a4773ea3-eb67-42d1-b3ce-d30b1c6d83ed","2025-04-10 22:47:15"
"5535f0fe-9dbf-4e58-955c-a698b538cce8","fbf311e9-38ec-4524-b66f-c58794e29c2a","2024-11-11 22:47:15"
"d0abf12f-6d16-4021-8f30-28e83720c2a5","1626a41e-4e95-451d-be6d-7acff5116094","2025-03-26 22:47:15"
"c6617499-a7ee-4082-a562-38aa687b6614","e489e20c-dc79-4e0a-9ae8-5e267cc5947b","2025-05-04 22:47:15"
"663f739e-301b-40e0-b9f1-3b36f4bca07e","9f3da044-88a5-4ff9-9f4d-1c44480b1801","2025-03-05 22:47:15"
"cb420ae9-8601-48ad-81c5-b6233c59199e","f7b08cd7-a101-490c-9ea6-ca65327105ef","2025-04-25 22:47:15"
"ee81587d-bdca-4a10-94e9-e5222ed8f2ac","c3072452-f95b-4a10-973b-03fc17087698","2025-01-05 22:47:15"
"7598bba5-fadf-4500-8032-5170228f2964","911042bd-46a4-4902-bd74-b5181a6a0259","2025-03-16 22:47:15"
"57a5beb7-a840-48a7-a8c8-fd95048758ae","97f04aef-495e-4ad9-80a8-1d902face625","2025-04-07 22:47:15"
"4b8bc328-3f52-4593-a719-2e43b4ae51ae","74fc63a0-42c3-423d-bead-fba2b10b7648","2025-04-08 22:47:15"
"48a65b3e-1d11-4f89-8eba-924d58438950","2dcd9517-a05c-4c06-8e04-0289bd0016eb","2024-12-20 22:47:15"
"561d8738-8dbd-4ee1-bdf1-df5d98f57dc8","0c573750-6af2-4443-9780-f71a4d1839c0","2025-03-20 22:47:15"
"edd75ba8-4d14-4322-8b56-79d81d87d4be","2f3ffce0-19f3-4b56-bff1-a9e7acedc3bf","2025-03-06 22:47:15"
"5e3cf133-7107-425c-b054-07f99df47421","c6b93518-2e31-4356-9f96-5cdcee57cb2c","2024-12-09 22:47:15"
"bdc4d2c7-b8cf-48e3-8c36-c6ec24756c91","0ba9aab5-5f7e-4440-aa57-9f862fcb659b","2025-01-19 22:47:15"
"f9018950-7c34-4935-bf68-98e414d2076b","9d057fc0-d672-4e53-8373-dc8acf8b826c","2025-03-16 22:47:15"
"c8422776-5df6-4d22-b989-3eec7977b658","e146ff65-2cc7-400b-8a7d-f618769f63d5","2025-01-19 22:47:15"
"0fc3d9a2-37fe-4c08-8432-19654606cfeb","aca052f6-0498-4bc8-96a9-f010192c4c6f","2024-11-18 22:47:15"
"47eddf31-c6ca-41ed-979b-94bdcd7d3a0a","e2d9df5e-5dff-4615-9ac2-e6db8c5c2109","2024-12-30 22:47:15"
"c5865f7e-e927-426a-b163-ec5f11f29f1b","3591d0ae-9b22-4c2a-af11-7bf252be69ec","2024-11-12 22:47:15"
"2ffffa7a-08bc-45f0-a80d-bcecbea239e4","6f98d81d-c11d-423e-a1ea-f47a24b6760c","2024-11-15 22:47:15"
"20d4a618-0d59-4fb8-8398-217dc562f90b","4b361c6a-d6bc-46d8-877a-747bbc53ab95","2025-03-31 22:47:15"
"e9781cb3-2bb8-4d50-8f07-c2ec45b00e00","bb1035a2-6d7b-447d-a813-4fe607cbf1c6","2025-03-14 22:47:15"
"fc9eb7d7-c397-4f2d-a62f-293043317be6","867b168a-1ad7-427c-88db-9c6d4fe66d5a","2025-04-22 22:47:15"
"fb2bb2c6-cbb8-4db8-bb0f-532e0dbb25d7","a89acc26-4642-4480-bba7-9006fcbe3d0c","2024-11-18 22:47:15"
"db301559-87ac-4217-bbf7-cfddfd5dda67","e160d1ca-d28f-4a6c-89e2-d7987ceb55b6","2025-02-01 22:47:15"
"bb621736-8736-4cfc-b97f-cfa889721c33","70558d63-9912-4011-87d0-bc43123c0c37","2025-01-08 22:47:15"
"de34ab3a-a418-43c5-9d99-fa1ab7be6032","0569b430-0d65-4d98-b4c7-0f4135201629","2025-01-09 22:47:15"
"d598bb7e-d445-49cd-b918-31beb6a7c8e8","49a4ff33-4476-46ad-9faf-c48578db5459","2025-03-03 22:47:15"
"d0b29037-dba8-4438-8daf-8125ffc99ac4","f2aa710d-12cb-4e7d-b9d3-1acf6c16d2a9","2025-04-16 22:47:15"
"99f3d3a6-f1fe-4b31-b106-3592dcfa5b04","20913b69-2004-473c-9b1f-3e10ffba6497","2025-04-30 22:47:15"
"9fb7770e-9589-474b-95c2-f5ea3da74929","7b0f696a-92bd-4b5a-97f8-8152550f2946","2024-12-17 22:47:15"
"3fa2a616-a5ae-4036-abff-5bef80a586c4","3e664838-f175-4a7f-955b-14a6d08b0d64","2024-11-11 22:47:15"
"e66e8dc9-30da-4537-9019-298241598289","629fafee-6b0d-40d1-b350-9cf6899a68fb","2025-03-24 22:47:15"
"521e701f-e0ce-42d6-a4b0-57182aafda63","17caa275-6279-469a-9804-a09c396fd107","2025-03-24 22:47:15"
"7ef4fc4b-0608-4169-8fb2-b968ca74dbcb","8c7a93e6-d6db-4549-b84c-00d67efef59e","2025-02-08 22:47:15"
"27731139-608e-4c66-9f7f-6e62675f65a1","8d8879b9-284c-4ae4-81ac-03b0e6c197dd","2025-04-10 22:47:15"
"ea370f89-95f7-4de5-a2d2-51f9ddc210f1","7ee033be-0013-4f0b-9c0f-581f6bd1b13c","2025-03-05 22:47:15"
"2373870a-9f94-4e0e-a1fc-4bfcb97f3882","d1a4a334-d84e-4d2d-8956-89fac0cd9eea","2025-01-22 22:47:15"
"4ef6072f-16ec-49fc-b215-7fed8760312f","6dab605d-6f1c-4d33-ae14-e1d16e90317b","2025-05-04 22:47:15"
"8b1f64bb-ddd1-4f81-99f2-5ba1748d4cd0","c46358d1-1b16-4422-b376-bc949d599da2","2025-01-13 22:47:15"
"7570124b-9662-46d8-9171-ea808744cc40","1eed7adc-c4b9-462c-8038-4de967340075","2025-01-30 22:47:15"
"11c8b53a-97de-49d3-bad6-0797ba8f14bd","1afff9da-397f-496e-bdbe-8c34ddea5a64","2025-01-01 22:47:15"
"ba29ba8f-2e1f-4281-aed8-4611d1ddaf96","32ee6d88-9c2e-4731-88bd-489b9e9be943","2025-02-22 22:47:15"
"8d02967b-0fc1-4a83-958a-67ff7173d7e4","6d8b6037-87e2-4f16-b867-4d204a227156","2024-11-08 22:47:15"
"bf50746e-31cc-4074-b1ed-9108afd34f82","e96d9a16-1f38-42d3-bf57-fa6c97b7a267","2025-01-03 22:47:15"
"bf4ee1f4-2d34-4582-93fe-79ce084f9ef2","cde134f7-5dd7-4f8c-bb49-2001b33598da","2024-11-09 22:47:15"
"a83cc189-0574-43a9-b2a4-46e08cbba19e","e35d046c-a73c-4470-a3fd-525ae346c26c","2025-01-19 22:47:15"
"de11fd64-61ee-4b45-b074-e047a633ba1b","11576fd6-22b7-4930-a876-cc714eb05601","2025-02-18 22:47:15"
"2ea799ee-d886-4cdc-ac4b-191eecfc5315","ac680889-93e9-4331-a26e-0fdc7a016b48","2025-01-01 22:47:15"
"d03fbbe9-13e6-4fa2-b028-4ad473f6ccbc","626700a2-2a8c-43c4-ba8e-e3bd2902cd88","2025-03-28 22:47:15"
"4afd32b2-e60d-4d51-98ee-a2221cceebc8","e8a0c93f-116b-4a84-aa49-f9ce208f6c11","2024-12-04 22:47:15"
"f9285c1e-62d4-4b63-84ea-efc2989d0899","aeda321a-432a-4a7d-b245-3b4aaf833a85","2025-04-29 22:47:15"
"1519cce6-5503-4110-8d6d-a4a152da10c9","845ae3d7-9ff3-4644-8012-39709682f42b","2025-02-10 22:47:15"
"1aa308fd-8791-470c-9e78-e2bc0c254337","51e17231-37d2-44ff-bcaa-268b366a8648","2025-01-09 22:47:15"
"19d85eca-16b0-4f92-b5b5-eeb7a9332a65","3fc86726-19b1-48e6-adaa-919d43489bcb","2025-02-18 22:47:15"
"ff32ed64-402c-4ed6-abfa-4eea1e7c46ec","84f40728-fa36-4016-8880-8747f3184026","2024-11-19 22:47:15"
"053dbfb7-6bc6-4986-89ea-95808fe8a61d","04a6e20a-fd0f-48e4-8713-599b143a8ab8","2024-12-24 22:47:15"
"7cc2573e-b831-4266-9e55-aa30157411a8","e4f1fec8-6b68-4deb-aa8f-60cbb1cc8164","2025-04-13 22:47:15"
"966b9c36-d5b5-43dd-9246-aee138aa35ee","0702e6e1-f970-4652-b7fa-a89451fdbc2e","2024-12-11 22:47:15"
"bd1596d5-cda8-456c-b8ed-4b961fc6e88c","90518304-7be9-4c0a-beb3-1ed9857df128","2025-04-21 22:47:15"
"0b365d49-bfa9-4b1f-b1be-ceaf2978d73c","ad6c287e-3da6-4fa2-8beb-f381ea8dd30f","2024-12-27 22:47:15"
"c76c3054-d732-4a90-ad84-9deb2d7cf9b0","254cd157-e76a-41d8-bedc-35e14d7064cd","2024-12-22 22:47:15"
"a3ec3b18-36cf-44ae-8573-ae35c019fb54","418b8abc-7adf-4cb9-b434-91c74081587e","2024-11-21 22:47:15"
"2f9b813f-2e56-4719-9ac3-da9e1ec1a891","9f65e26c-a1ad-4476-a145-d3fe77a32fe9","2025-02-18 22:47:15"
"0f6b2dcb-b66a-4072-ad6a-91a505b0655d","53d8aa0c-ce95-4cff-bd85-73229a37547b","2024-12-29 22:47:15"
"a0d43851-1df8-4899-8ecb-b47b914b399d","7a3f6616-9952-4288-8e7c-9eac298d5fc8","2024-11-09 22:47:15"
"eafe5168-bc71-4a36-b197-b7e6813a06a9","30cbc179-fc97-4dcb-8c01-b47cef1852b4","2024-12-17 22:47:15"
"99fe5416-eafd-4099-bd98-201d8e14c1dd","6b6bab81-fbf5-409f-8834-31b6b7f10c69","2025-02-11 22:47:15"
"2d17b81a-ce04-4e6d-bded-7bfb41fc2624","4bf9eb6e-018d-463c-8a8a-91a32b88b995","2025-03-12 22:47:15"
"9f909906-e728-46ad-866c-c044ce2659ab","c93ca77f-1cb2-43d2-b5ac-fbccef165d70","2025-02-11 22:47:15"
"c1732614-071a-4965-9458-32a6e5641970","34b089cc-7163-49d1-8359-b70eb892baf0","2025-01-18 22:47:15"
"c8a33503-7126-4611-ab86-6b998d962f0b","365546e2-2b7a-492b-85f3-5b8dadbea2bb","2024-11-28 22:47:15"
"51e16fbb-183f-415f-bdf8-13d434b55a77","ea2f9998-7bee-409d-800b-060034e5d90c","2025-04-08 22:47:15"
"23f8a380-9289-47b6-9801-2d7b75582176","761703b3-a17a-44f3-988f-c5189553fdf3","2025-01-29 22:47:15"
"c68c02c9-6134-4511-926a-0d162682c99e","88da9a72-9490-4e0b-98fd-d4221c8fb35e","2025-02-10 22:47:15"
"df193035-6a94-496e-9334-1dd15f8fc956","d57c4cf5-2994-4ee5-95aa-bd2256f8c473","2025-05-04 22:47:15"
"50ee912f-b99c-44f0-836d-cf06a2a068ff","18715cf5-1cc7-45e6-9f0b-b1fdedc2ea17","2024-12-11 22:47:15"
"79a57d33-b01b-4c62-9da4-40d69a8c95db","9a22687a-9afb-41cb-bcad-8d5d410d5964","2025-03-29 22:47:15"
"bef76220-c8ce-4ac5-9cea-fce540110ace","4f7b9e66-979e-46c7-b191-6a5ce9c102d2","2025-04-29 22:47:15"
"96fee024-422b-4e52-bbcf-aa43be8b9b17","64bb7ebb-5728-4f79-b640-670a73029881","2024-11-22 22:47:15"
"16929fcc-e3f4-4eb7-ba8d-ad69ea2980b0","3b4dc22e-a5b0-45e4-ba22-b4b2e07cbe18","2025-01-04 22:47:15"
"a7a14666-b45b-4856-9eac-8b4ec7332909","4f8b9d7c-cfae-422d-bb2e-e76f4a72fb00","2025-02-18 22:47:15"
"23978cfb-59c9-449c-a00c-f1769ce2e294","d3f57083-4b9c-4c22-9be1-154d8326a68c","2025-04-25 22:47:15"
"5a1a47eb-764c-43cf-b090-51e879286961","8f73e839-7c30-4964-b0a8-beb77d3b108c","2025-03-14 22:47:15"
"e939b5ad-3105-43a7-8b11-285175e490f3","9316472e-5434-4d56-8b0b-286684c56631","2025-03-21 22:47:15"
"b0461241-0c77-460f-857f-0279679e413b","063762e5-26d0-40c4-a2c0-ee059e9c62d8","2024-12-17 22:47:15"
"d522b702-43b7-45ca-9af6-2e0c941d6165","afd4822e-926a-473b-8ae7-b2498962dd07","2024-12-01 22:47:15"
"d0332c81-ada1-4b87-a982-2d9d0f9e8c21","5e4b674b-1ba2-42ce-bda2-6815210e1d46","2025-03-23 22:47:15"
"88a81dac-fabc-4a4f-ae85-9390ce75dd20","2306f532-346a-44e2-88e6-1a5198164901","2025-03-24 22:47:15"
"12e960c5-bc1b-4634-aacd-521cd15cd1b0","5a57de78-ee0d-4721-be87-d1c249e75c27","2025-03-11 22:47:15"
"4bd369b5-a180-4c16-a7d7-5cbb040ed4dd","281994b8-737b-40d8-ba44-e8941d23e308","2024-11-22 22:47:15"
"7d8f4f50-ea62-4e3f-b314-6bcb25db09dc","0da9687a-9e55-44a5-b1d7-0526c2917fe8","2025-02-09 22:47:15"
"501496d5-37c3-49f1-aea1-c31cf8157308","6b1846b9-dab1-4502-b02c-671a99dcb2ae","2024-11-19 22:47:15"
"a009077d-8504-4684-917f-a73acef7f9bd","9e1a789b-a1c4-49dc-9488-d189c15e930f","2025-04-09 22:47:15"
"3d2ee52e-2aec-4e24-a28a-5b10ceb7851a","959dfb48-48e3-40e7-9714-9ec5c63553df","2025-02-08 22:47:15"
"2e8a3d90-22d1-45f9-9747-490fbb826afd","3f7610b8-e984-4cee-b87b-704b0b7866d0","2025-03-29 22:47:15"
"e0905c98-4195-4079-898e-d30d59804c9b","a1b1181c-e258-4b9b-ac3b-ecd2769a04b4","2025-02-19 22:47:15"
"ad8fb0fa-1297-4392-badc-fd5437ceae85","2e9d8462-f22c-4e90-9676-820a24d68644","2024-11-28 22:47:15"
"8fc22fa5-406d-4da9-9d8c-b1abd9a27098","f8422e97-71a8-45f3-b377-b87f1e6d14f7","2025-01-20 22:47:15"
"ece62f06-cff4-49ef-b58a-e04add157e89","b3e3e898-f59d-4497-b553-ee41f7adc546","2025-04-06 22:47:15"
"15ddc97b-de34-41ab-bf40-ce4c2be3cea3","39cb73ff-e956-409e-ae23-9eca9b221c45","2025-01-07 22:47:15"
"80156964-b659-44d5-aeab-a013826ef11d","01d50d0e-4145-4b93-9432-5ca7095740a5","2024-11-08 22:47:15"
"464f795a-1a96-4c63-9f7b-a3b9a291b669","fd1bded9-507e-4475-b158-5bdfae48d99c","2025-02-05 22:47:15"
"808aab80-45b3-4756-8f77-132743e93597","473e1ac6-6db3-446d-8345-b8ec7fe1241e","2024-12-26 22:47:15"
"5eda2be0-a7af-4588-a970-547b1a8806b0","52d03157-38da-46ff-8367-0b98f8898dc3","2025-03-18 22:47:15"
"f618af76-3629-43e4-95ab-3bf700a1cc95","d29149e3-93f7-491a-aac7-b3c44dc59267","2025-04-18 22:47:15"
"50468bf3-57a6-45e4-a956-bc6846763512","791743aa-1ae7-470c-a434-dc89d2b5232d","2024-12-19 22:47:15"
"aa2e0bc5-19fa-4cd5-b6b8-ecdc7ae4c91e","5a3488ce-b04f-4e6c-bf54-2c0013ff8877","2025-03-13 22:47:15"
"2665d4ba-472b-46e4-b38a-cc96190071de","274c9514-c85a-4f0d-8816-c33abcf23943","2024-12-01 22:47:15"
"b1fa04f3-8d84-48b0-9069-a7d9d2179339","389c4af5-e740-4762-868d-829969f2c417","2024-12-11 22:47:15"
"553ddab9-40ec-42a2-bebf-273a9b860e2c","2ff355dd-17d0-473e-87ac-eaa3b5057779","2024-11-27 22:47:15"
"0f9d0b44-0389-4168-9ea9-28411a42cb3d","acf942a1-8f4d-40a4-80f5-227183142d0b","2025-03-12 22:47:15"
"9cbfb531-001c-4a11-ab12-4bb322133b11","9ef1897d-2d36-4896-a972-56029acbaa55","2025-01-09 22:47:15"
"63a6b205-d271-4870-8255-d2f901892c29","d03f799c-cc6c-4cb7-a273-4c77a196e7b7","2024-12-27 22:47:15"
"931c9708-23e4-4128-9a99-39e540684666","e407aa7e-d055-4164-aa65-693dea69ca8b","2024-11-08 22:47:15"
"62464f9e-6812-4ade-9749-885367ffba37","ef935a8e-8dac-4405-bcfa-e0685934e877","2025-04-25 22:47:15"
"8282f6df-4e51-4039-bd95-b1909c7d5738","c4c52625-7c49-4edc-ba56-413d92e7a2be","2024-12-15 22:47:15"
"ce403bd4-d723-4c1a-b854-6c5e36571bd3","5ddb712e-b0b8-4f4e-9b14-b40af423e2ea","2025-02-11 22:47:15"
"5baae091-6ac6-4086-9091-8f1f7b32645f","54540b8b-869f-43c8-95ba-5955f3946681","2024-11-24 22:47:15"
"d90df172-3af9-4a20-b655-da6bef95520a","f1e3a558-4d05-45c1-9f21-54079437ca6c","2024-12-02 22:47:15"
"9351feba-1d7e-44c5-a4d6-8d45f757a079","3f5dd03c-fb18-4181-9af2-0371bb4f4749","2025-02-05 22:47:15"
"27a1ee6d-53b3-4514-ad5a-ab3b61f216ca","2317bc6b-b073-4659-b7c6-bf83b79e018c","2024-12-09 22:47:15"
"9501038a-037d-4974-8812-219793871f77","07765c7d-9a6d-4427-b81d-d4ea4340eb4b","2025-01-13 22:47:15"
"5087800e-3ab7-4306-b8f5-e464dc25bf37","ff9d2259-704c-4843-99d1-b0e1593ef4db","2025-04-21 22:47:15"
"91f9011c-60cd-4016-97e4-3f3a9e80d21f","46348ec8-b284-4487-ac01-1b8f4c45faed","2025-01-13 22:47:15"
"8a143b50-9e33-45a9-bca8-7bf02a7ad53c","770d0860-ce89-4707-ad2c-cf03f90db92f","2024-11-22 22:47:15"
"1465f774-559c-4fff-b93b-b7640f06e9f5","67ede339-001d-46b6-a828-25cd94d6bd2a","2024-12-16 22:47:15"
"d1630fe5-3a10-4bf7-851a-0e2761f2d829","265a63e8-25be-44b5-9890-224091ce7723","2025-03-03 22:47:15"
"ca173dab-8ed2-4768-af0d-3dcf7fb9ad90","617736f1-d53f-4f09-96aa-c54c6cec22eb","2025-03-05 22:47:15"
"44e45c96-cc25-440b-89a1-ea5ab73e1541","3bae44be-bca8-48af-a12d-9339645fc33d","2025-03-04 22:47:15"
"aee3c345-878f-4b89-b645-49607c538d75","4d07d5e9-b18d-4439-b2e9-6d5ab4512f26","2025-02-26 22:47:15"
"76a49b16-f71b-4f7e-937c-67918147fdbd","bdce22a9-7586-49ba-a6a6-4ba30a58fd02","2024-12-14 22:47:15"
"ef8f2d03-d8f4-420c-8df8-c53ed6b4c28e","dccb1dc4-78f2-4008-bf25-a037638c1e92","2025-04-04 22:47:15"
"cfb5b1d4-f680-4493-b130-d3ede6155b87","68c33aa8-28e1-477f-a196-f3a3ce41400b","2025-02-12 22:47:15"
"dc32443c-0a88-4bdb-9d9b-06816cfb088f","d66a47e3-a7ba-4ca0-a566-b47744d33e61","2025-04-14 22:47:15"
"6c648754-dd4c-4f05-b0eb-9540e44a836d","6e3a6069-8916-4b38-a2f1-c44879fa6e62","2024-11-27 22:47:15"
"3b95f829-283c-4421-b4be-cb9820d5779f","740b1234-aee0-4afc-8951-d7a16017056f","2025-02-11 22:47:15"
"fc8e0d02-9b31-442c-9492-60e6e9d3ace2","79a104da-ad58-4fb4-83f3-ef9d2b326619","2024-12-14 22:47:15"
"031ea98a-2232-480b-8f7c-02f21c6cc294","5fcf1eb5-0b57-454b-8ad6-031c58907fe3","2024-12-06 22:47:15"
"f0f26fbb-669b-4d45-b229-89746dc12bee","bbe632c7-7aa1-4a55-9865-ad7b25c6fa82","2024-12-31 22:47:15"
"2e608ccd-5ad9-44ad-a715-4379d1353f63","41db763c-e174-498c-9df5-a6912983819b","2025-04-17 22:47:15"
"c17d72d3-02f7-4b94-a009-47c3347d5764","9b475cfd-3a4a-4ff3-b10f-c31270b9b01f","2024-12-24 22:47:15"
"a983d17b-90fa-46d4-b4f9-4344fb8a8e71","caab15fd-654c-4131-9715-c3e9d1c38d05","2025-04-06 22:47:15"
"a451d24e-20ff-4749-9f4a-7892ac76b1c0","456657f5-aa65-48e6-87dc-ea3b1495503f","2025-04-27 22:47:15"
"18fa8f7e-0f18-412f-9924-826123904f39","a4cb68b2-1dc2-40e0-b32e-8a802150b660","2025-03-06 22:47:15"
"75df72df-6c23-40e2-b01f-b584ad9ade1b","22a014d3-253c-4073-a1bc-73d700a0ccce","2025-02-23 22:47:15"
"4cbe0f60-296d-4747-abc6-6b3c9d498b8c","987ee33d-6674-4755-bd1c-966d499e8874","2024-12-04 22:47:15"
"00dd6999-c5c3-4129-8af8-871e6e141036","936d58b7-14ce-4eb2-afc0-f3928100ef97","2024-12-10 22:47:15"
"a688e653-09a4-4656-b00a-a19a6a234b8c","3a8fd256-0243-4e06-8407-708a03d47a24","2024-12-18 22:47:15"
"0700a1cb-df69-441f-9ed8-a7b2e2dbfdf6","d838d6cf-0b39-4394-b330-a7377e164b7a","2024-12-21 22:47:15"
"bc6c5c8d-d9d4-4b6b-a0ee-98f0b6b32f43","a2b289a6-8ef9-447d-b6ae-9fd0bf7c3af9","2025-01-27 22:47:15"
"2b21d3dd-c1ea-451c-b0b7-62c8e5a1407e","5b25ebe6-08cd-4ca7-b0cd-fd60bc8d9188","2025-01-09 22:47:15"
"b3619363-9ed1-4850-bb52-f31dcb9a6b9b","8697b07c-b987-40ab-9d54-c5a5952ae547","2024-12-09 22:47:15"
"323c8042-737b-409f-b90b-d111f9d2e631","109fd904-0f6c-473d-97c3-3eefc4c6db70","2025-01-30 22:47:15"
"9d406093-577e-4cef-8a2e-f85da75460de","a21cf081-a032-4fd3-a531-111453c4bbb8","2025-04-01 22:47:15"
"9526e75c-7040-4b13-94a8-5a78ec9f853f","424318b4-cb4b-40e8-91e2-a554231cdb50","2024-12-21 22:47:15"
"b1519028-f4b6-47f0-96a6-8f96f964eb09","bb445a99-c63d-4b8b-bfd9-2321a8adc22a","2025-01-20 22:47:15"
"84ae7f41-7140-4b75-aaa0-de73816f8042","7a302201-51da-437d-9082-578155c47d96","2024-12-25 22:47:15"
"409b4e48-b0f9-4203-8d0b-7e496c2ca87a","08fea65c-67d6-464f-98c7-ab1bf8a22841","2025-03-19 22:47:15"
"3738212a-0a0d-4c36-9972-702f7ea59071","4ae895fb-5ed6-46d5-a62e-6d805db42acd","2025-04-16 22:47:15"
"3adfc170-86fe-45cc-84ad-07dafc4e0b0f","cd857448-3c02-4c95-94b7-0f6ca944f7e2","2024-11-15 22:47:15"
"eafb886a-8a5e-4d60-881a-3d8e174f49ac","f77a2034-acc9-4d62-9909-c930d75b08f6","2025-04-13 22:47:15"
"a730e802-73e1-4484-8f00-6f329a651917","34dd1198-cbdf-443d-bbd0-7792f9c11f46","2024-11-17 22:47:15"
"a810ed29-826f-471c-9a8b-c9bfd35538d0","a33c3347-fee4-4906-84ed-dbba8efdcbba","2024-11-25 22:47:15"
"2a308ce1-ac4f-4ea1-954b-8a756e916234","a1986e4a-804e-47d5-b532-f0ef4459a863","2025-03-12 22:47:15"
"2bf8143f-58cf-4d4e-86e7-290505b53c35","763d5006-84ab-4797-8ba5-c28a04c87279","2025-04-29 22:47:15"
"e97ab548-b474-4580-9445-d542f1dc23e8","62ea4e44-3fa9-47cb-9a35-eda3908974e4","2024-12-12 22:47:15"
"44bb8ea7-74d4-4bbe-8796-f894cb41b6d6","04bc55a9-b749-4cb5-8cad-9e8f2851ddcd","2025-04-04 22:47:15"
"6ec31d87-799f-4f00-bfa2-008dc519a305","85f60e97-cad0-4d0d-9c1a-8b0cacf18a9c","2025-02-21 22:47:15"
"64cb1cf8-2c48-4bff-aabc-23086112226c","ca8a94c0-a9ad-4e73-9dd1-8ebaf9e0da5a","2024-11-27 22:47:15"
"019b84d3-deac-415c-aa70-02c442a11db6","299f4529-c8ab-4f90-ad73-cdfc5fc47554","2025-02-23 22:47:15"
"2e513fd7-3d20-4354-aa9f-7532829b72cf","9c66ee4e-e487-44be-97fe-ef1df385b96a","2025-03-17 22:47:15"
"24a8b156-1e76-4bba-af2a-ec194bc1400b","102fab50-30f6-4abe-bd99-5c90bbfd386f","2024-12-07 22:47:15"
"1641f863-d506-4a25-b428-bcd167d11837","e0a31f1b-8485-4809-bbfe-aaccc4d9f87a","2025-03-12 22:47:15"
"8a7e01d7-67ca-4d86-9c5f-c4162b6ff45f","71397ef6-bcc6-47a4-b4a9-1bcbbe59a2b5","2024-12-20 22:47:15"
"230460f0-37d6-4683-ac49-46b42d5b240b","a8b2c7ba-3a18-45fe-9445-4d46922efc63","2025-02-15 22:47:15"
"d9d1989c-4012-4a52-9d4d-321e8b5bc726","feb3808e-b281-40e2-b49a-b661a398b8de","2025-01-18 22:47:15"
"815ef986-e66f-439a-9862-153bdd207d8a","fc09684a-f87b-4e00-a895-21d8711515de","2025-03-24 22:47:15"
"347f3d58-8869-4189-bc62-1ed2e8fc7840","493d86da-73d0-40b6-a3a4-badc842d5494","2025-04-08 22:47:15"
"ea1e7ccc-a9c3-4932-9134-c76f7aeb4d67","cd4b7512-a1c3-47c5-bb03-b5693fd33c39","2025-03-10 22:47:15"
"9ff31779-f48c-44db-86ab-149e6deba37b","6549669b-4ac0-45ca-8f55-7179a8ac3723","2024-12-08 22:47:15"
"1959544e-4de3-4db2-9d13-9f10f60a01d1","753415f1-b449-4f08-a60b-3308a064b1b5","2024-11-11 22:47:15"
"f068ceac-0160-465d-b745-333aab520665","e62faaf2-f05a-4cf3-b7a7-5bb7abd22644","2025-05-01 22:47:15"
"5fe6bda8-4838-4b22-a48b-7b2c5ef82518","48e26536-e30c-4d68-af8c-5c05cdcbe397","2025-02-15 22:47:15"
"9135acfa-81bd-4132-91e1-3eac4aac395e","f2588129-155e-40f2-9b47-ee5c7ea132da","2025-04-04 22:47:15"
"f4b13d90-604c-4b9a-9ee9-0a571d20906c","f3c7a2e1-25b9-4523-a85c-f18c10edad01","2025-01-28 22:47:15"
"d5b0c32f-de6c-467d-8a29-753cf064e81e","d115e4ae-516f-4042-919c-8d016845874d","2025-03-27 22:47:15"
"100e757f-faa8-4d61-aabd-80e501ecef17","3a4ebfd6-940e-425b-b6dd-bb01a45dfde4","2024-12-20 22:47:15"
"7b09d908-7372-401f-a9f9-123297f02ecf","9f01b0f5-18b7-4b93-a0e8-f76d3d04543d","2025-02-15 22:47:15"
"1125a0c7-6751-407b-b4f2-fcb76a544c86","7a86062f-1f6d-47d7-bd00-da4f3b6eaae2","2025-02-12 22:47:15"
"7eb04281-77c8-46a1-abe2-04a908bd4100","05cfc685-610a-4e02-b0b4-f46cff9e092b","2024-12-04 22:47:15"
"3b375702-682e-42df-90fa-d57b08079f76","fcd93e7d-528b-4a6d-b94f-04ca0a26c428","2024-11-08 22:47:15"
"a76809fe-79ea-4b1b-8a61-09392857a545","666d990f-30eb-4a8d-81ec-1c2f82d77ff2","2025-04-29 22:47:15"
"caa9107c-1cfd-4677-ab4e-c8f66380844f","530921eb-626c-4c48-901c-18358ae2a583","2024-12-05 22:47:15"
"97f9a827-7304-4eb2-b9d6-057236a0d39b","26cc4374-1bc8-4ee4-856b-8fbff953e4b5","2025-04-10 22:47:15"
"be3a5c93-85f4-4378-9cac-3a7ca4f41447","673705bf-327c-4fcc-93a7-cfe9c913103f","2025-05-01 22:47:15"
"60dd88bb-b331-425b-930b-8f3222b09f00","dacfc6f1-19db-4caa-b2d2-a2fd80c9b678","2025-04-11 22:47:15"
"b7baf858-6059-4621-b6d4-fdeaf5a14083","a144ee4f-af08-44a2-95f0-3dae27686b96","2025-03-21 22:47:15"
"8d35869d-b0d1-4252-85b1-fb285e983e25","8fea9707-4f7f-4e15-aa2b-a10c9f6a080e","2025-05-03 22:47:15"
"827f2605-bb1d-4876-8210-9f767673a2c7","36f6c07d-9b83-4bd6-8f6c-c6c8d2f17932","2024-11-22 22:47:15"
"10e99afd-0c4d-4a57-8087-8b0d4601fd20","a9d4c996-493b-4d7d-b85d-3faf4b685eba","2025-01-31 22:47:15"
"90edd605-b0ad-4d82-a393-7eba48b9729e","c49c8e74-ccff-4636-8aa0-7f62384ce767","2025-03-11 22:47:15"
"a3b503fe-64f9-40a9-ba0d-40016a0062b9","0c6d81b8-852f-49d8-b52f-ea82a9647ef0","2024-11-09 22:47:15"
"727970fc-d1ba-4209-a4c0-e7734874b2c8","5fdbeec9-f6db-475c-86bf-f83d74c140e7","2025-03-05 22:47:15"
"4ef1e092-3b72-4542-b58e-f27059930fd4","de51d743-edb5-4f80-a278-7b5eb30724a4","2025-03-29 22:47:15"
"5360810b-7842-4648-990d-02c6864bdcde","53260ff8-f12e-4c4f-9f8e-e1f157928d78","2024-11-17 22:47:15"
"0b04b2fd-af4c-4745-8fd5-d33849adc0fb","f72e2e6f-36ab-493c-91f3-480f8c4ae620","2025-04-17 22:47:15"
"408b0d61-869a-42ab-8b75-cffbfe8f4823","3adb400a-29eb-43de-8c9e-7cb521015be9","2024-11-29 22:47:15"
"1ae74ccf-180f-4401-a42a-0d99c94d69d2","39c7582b-a4fb-4ba9-8231-c70da9651a4b","2025-01-22 22:47:15"
"8dee82f0-3d14-475d-b10f-ad4c29693852","7270a6c7-8e23-4b52-96f2-8372b3eb6db2","2025-04-08 22:47:15"
"b1dade10-4ad7-44b0-b18d-9c539a32e8a7","2c27c024-9f85-47f8-9a7d-0ea087cc3e6e","2025-01-07 22:47:15"
"062ad291-abca-4900-a0e9-b84c6dc5bea6","2329ba58-fa9f-4748-9a3d-a638a4e07675","2025-04-28 22:47:15"
"125c3e2e-7d70-455d-b9e6-cd1caabb5d2e","f63bfd1f-9345-480f-96db-756c2186a536","2025-03-19 22:47:15"
"1bce0c54-aa49-4161-b890-9fd65d9a3c7e","58155fe9-8834-4db3-b4b4-28d8449aadf0","2024-11-10 22:47:15"
"90c40f1b-ba7c-41db-b22e-2712e8332abb","b0a050fd-6ccb-4638-bc4c-238c68ad1246","2024-12-19 22:47:15"
"fc01617c-df17-4297-8616-59ae723f64cf","d93e965c-4635-465d-afb6-b25394f00567","2024-11-24 22:47:15"
"da416824-c07c-45c8-89cd-588f23b5d968","ef6cbb34-d5c5-4bb3-8ac7-13be6bb0a1a3","2025-02-10 22:47:15"
"b747aa1a-e3e7-46ec-990f-da57bfc4e1f2","f6207a7e-bead-498b-b883-087c9f35f635","2025-02-11 22:47:15"
"2a529f5a-02d7-4051-b9df-d68e76da2c04","46b0b715-cde8-4536-b5f3-3918c74c00c4","2025-03-19 22:47:15"
"69ccfb34-f3b0-431f-839e-6477fcb44510","53f35cfd-b75c-4a4b-8045-288e14a9d40a","2025-03-25 22:47:15"
"722ed5d6-dee0-448b-b54a-308daf5b6b36","6d61014f-af4a-4071-af72-678446e995ea","2024-12-12 22:47:15"
"6a983869-8bce-4d52-a7e5-fcfb20b723f7","5160dfa9-3ff4-4bb3-b56b-9d469f6d5e57","2025-02-05 22:47:15"
"c9f71e77-7dc3-4c9c-babd-a8246eb1111f","8f22342b-a660-404a-a272-c8704d17c401","2025-04-10 22:47:15"
"4081454a-4ccb-44ff-8f42-63f492cc53dc","b5ccbce1-4dfb-4f52-99bb-d0b18c62b022","2025-02-14 22:47:15"
"d4352aef-29e0-44f4-b100-6dc817825c3a","0727d846-a394-460a-927b-ad997149a973","2025-03-06 22:47:15"
"2a3e11d0-2c18-4d69-9697-0fa4b84808bc","3ce55d91-cacb-4412-8c10-3f61eaff5fc3","2025-02-07 22:47:15"
"e0452be4-6a7a-4c33-88f2-beb70f3b6ef9","607b2666-ef64-4ba1-9a9f-9d00a4444228","2025-02-22 22:47:15"
"395afdba-30b5-46cf-895c-e7fcd35e6266","33b82858-a103-4d73-871c-823e4eb0080c","2025-02-21 22:47:15"
"98269c66-9174-4eee-b881-9aea17c1d904","4c632829-d92b-4ce3-89b1-e2dc7ee9b8e4","2024-12-01 22:47:15"
"4c66c29e-2e89-44dd-9174-58bf2abd137b","f3b34961-ac41-4bef-98b5-2c45a8d8d8f1","2025-01-07 22:47:15"
"67b526fd-58a5-4e97-9cd7-3a646be4b971","5b4e2779-3f11-4f36-826f-83efb3fce23f","2025-03-16 22:47:15"
"fb108695-750a-433a-9642-7075933b0f1e","89759c8c-a128-4202-b829-e992e4bb06e7","2025-03-31 22:47:15"
"30b3c7bb-5e88-4e40-88ff-e5c4d2969568","a216a963-6986-426d-9ccf-6d9b430326c5","2025-02-06 22:47:15"
"aa4e5664-7ff2-4a04-96ed-1bc20f364b00","8b5cf7dc-887b-4b16-ad58-52c8e4d7bd94","2025-03-05 22:47:15"
"a12eef61-77ce-434c-9a80-8f2c7b7c5291","dbbad99b-84e2-4879-96e8-1bce44148dba","2025-04-12 22:47:15"
"5502a265-c43b-456f-a20b-c26f68e648f1","31dc2680-b333-4598-a028-302eda60b363","2024-12-13 22:47:15"
"67c29601-7cad-4200-9c4d-79ae49535396","32e83f99-2edc-4b30-9c79-f72395c10865","2025-01-25 22:47:15"
"bc90c93a-96c2-44de-9cb3-bbaea5fdfd4e","7c12c770-0f11-4a1c-9ad5-9df00917b983","2025-02-21 22:47:15"
"956ee1c7-ebd2-4046-8e24-def91231d483","5dcb4950-6e13-42ac-8f15-2e41f347884c","2025-02-04 22:47:15"
"87660c9f-426c-4594-a486-5bf4b59c57ba","90fb1a8a-40fa-459d-bb98-970db83a2c26","2025-02-21 22:47:15"
"4ecf19b3-f908-4b43-b932-39759e5cf667","b84f85ec-d9b2-425e-abf2-f873169cb1d4","2025-02-01 22:47:15"
"bf029306-4505-4ee0-a546-e2d22d8348de","eefc4150-36f6-43b6-aac9-6ea58145d57f","2024-11-13 22:47:15"
"e7bfce00-4020-4172-8bd2-820a40082236","fae5a812-606d-47a0-90f0-9362cc246b06","2024-12-23 22:47:15"
"9410c843-d767-4422-baba-0b6addd8221a","4f14b4bd-3bdb-4724-8db4-72c32f8d1abb","2024-12-08 22:47:15"
"76b75483-71cf-4519-84d6-0a8c0e6bbcae","bf95ebc5-7cfd-410d-a05d-4d779f8de67b","2025-02-07 22:47:15"
"c90cd069-49a0-4d4b-95ad-a68575e76093","fc5b71af-cdb9-4fb9-a3e0-2eb764bed04d","2024-12-14 22:47:15"
"da535b1a-307d-4d47-824a-b097fe5a2dae","c2e85c2e-a54f-4d0b-82af-a845f6b042d6","2024-11-16 22:47:15"
"da11061c-6cb2-4c05-9aff-8e6065161461","fb9cc6de-49ad-49c1-9115-1e55118ece3b","2025-02-06 22:47:15"
"99910d21-a318-46af-a078-812508fd4190","4b281b03-c28b-4f0b-96b4-c7a91752b6d8","2025-01-06 22:47:15"
"9db9dbbc-c189-46dc-90c6-d87a0624a31f","3694492c-4d3a-4160-81f1-0831d8914df1","2024-11-07 22:47:15"
"c2d52ec5-8f42-4b1d-b207-d08e18e01097","bba6db80-d401-4fc4-ab33-a84808a304b2","2024-12-09 22:47:15"
"bb0d6bc5-dc5a-4ca4-96dd-bf75d5d59d3e","3c50be10-d797-43fe-8306-dbe07c75ee26","2024-12-17 22:47:15"
"7188e458-f886-4c1c-8c34-eec48829036c","f7e2ad87-318b-4938-91a9-3b137a4bd024","2025-05-02 22:47:15"
"78b9cff1-d58a-42a0-9030-3890c19cd6a5","2d213e3f-f387-4ba7-bf78-3f7bb102d48a","2025-02-26 22:47:15"
"30d1eb6d-ab40-4a41-b122-3e170c0c95fa","dbdfb271-720b-45d0-a25e-1c881dec93f4","2025-03-15 22:47:15"
"d111b560-e22b-4945-aed8-b87489b04ece","78dbdd6c-3e45-481f-9640-8fdeaa0d2ec3","2025-01-17 22:47:15"
"0a3496b3-0e64-4ec3-8972-70f434df076b","b3bc3d18-f437-4ce6-8938-82234759c357","2025-01-20 22:47:15"
"da53d3f7-5d58-4473-9b46-23c2740632aa","72b0eee6-e9a6-4beb-a574-463e39b4bf04","2025-04-06 22:47:15"
"d0c4c5e3-0b46-4c51-b973-34f569f447cb","b9b01ac4-db7d-4f50-b0df-5931fc5c5683","2024-12-17 22:47:15"
"cefb2719-1df7-40a9-8760-43fa9ebaf9e5","37177489-feb6-437e-ac2e-f9d99ee8d35b","2024-12-20 22:47:15"
"42ee3060-f884-48c0-9814-7e6d375795c9","5a4d3ca5-df67-4b46-a01b-003673d1d420","2025-04-11 22:47:15"
"24009b5e-0b5e-42e8-8d82-7d2a10ab9014","d7cbdec7-0b3b-43e9-bdc2-7780f148efbe","2025-01-07 22:47:15"
"c3a9989c-2abb-469a-a98d-ac3359abbaf7","a564379e-97c5-4a24-8eac-a12752a214d7","2025-02-24 22:47:15"
"44ac9707-79d3-420f-86c9-3c32728cbd31","71d4b709-1b4c-402c-b04f-a613caecb228","2025-02-10 22:47:15"
"01ab476c-a426-4e4b-a47a-47cdd177a666","2ca08938-fe67-4fd6-b426-1436d7e5f3cd","2025-01-25 22:47:15"
"e821dc11-572d-4e99-a92a-4f1a86df821e","9755ebdb-95bd-46ae-b7ac-873e0d289dba","2025-01-19 22:47:15"
"973fe212-860b-4622-961a-a684d0623d83","a302e420-325b-4f72-97fb-9c876e10f4bb","2025-02-10 22:47:15"
"3ff93908-648a-4e94-80a7-ab555f974636","5c427022-a17c-454d-bd0a-79c46702a887","2025-02-21 22:47:15"
"3bb6e852-b8ea-4cf7-89f0-5a97a9b2c16a","5440e7cf-6d51-4fbb-880d-db57021e42ed","2025-03-06 22:47:15"
"668a3dd5-9403-4736-a01d-4b08a75c6079","57dda17b-bf3e-47c3-82f4-b88e73acfc7b","2024-12-06 22:47:15"
"09a0f432-f9e4-4a37-b465-3ff95ef04182","649516f6-fbcb-4522-a184-31a691611400","2024-12-23 22:47:15"
"464ae2cd-7b62-49da-b21e-57c6ece96d2e","325f126e-89be-439e-ac4a-778ec9b74c02","2025-03-23 22:47:15"
"353449f1-224f-45dd-94dc-ce5fbb83cfd1","5b20531b-0565-482c-900e-032c89119a7b","2025-03-11 22:47:15"
"fac93e62-798c-4c8c-b087-4ed5e53973f2","1640a572-fb65-4bf6-b248-e974258615af","2025-01-20 22:47:15"
"f5fc7e9c-cc1b-4659-b881-f1c3f3d3c269","b52407c1-656b-4924-9ccb-ef346acf921d","2025-01-17 22:47:15"
"bc3bd851-60ad-458b-a96a-d70d59734bd9","c7684043-6acf-48a1-8a01-93c0e0a2efd7","2025-02-03 22:47:15"
"1028364d-4a22-473e-9630-f7e43be2fc1c","e580ed0e-fb44-4a65-ba71-aab7e66da951","2025-03-03 22:47:15"
"c4afcc1d-b2b6-4b56-aa96-19eebc4b7f55","27cc0686-eedb-492d-ad16-1e3a3bafd930","2024-12-29 22:47:15"
"001dc02c-eb43-46b5-b495-a995509b365e","1bb19e3f-5e79-4e22-91f9-daec546de17b","2024-11-12 22:47:15"
"46f8b68c-6249-4c75-8def-06aa96637bb6","eb07972f-bdf7-40da-9c18-b8032ec268f6","2024-12-10 22:47:15"
"c955f86e-cb81-4676-855f-644d9b0be9c8","b78f2adc-d811-431b-9e29-bd1565952bb4","2025-01-12 22:47:15"
"b875d44e-5339-482a-b753-5540df4ff5b4","afa4e22e-3e4f-414c-8a13-231fed0ca035","2025-03-30 22:47:15"
"9ef62d3b-e3a1-4a8f-895a-d086571c625e","a63caabd-2ed8-4f83-a588-4a3b240b02bf","2025-02-11 22:47:15"
"8260a655-284a-4de1-a683-14a7ab06c5ad","71e2f69e-76db-44ac-bc48-c688c5029b00","2024-12-13 22:47:15"
"90b56ee6-f8d3-4702-80ef-1c7cc3d11df2","9f277671-539f-40b3-915a-14805429895b","2025-02-20 22:47:15"
"7222fc91-637e-4fda-94aa-7b9ac93255e6","af54efd0-0bd1-4974-a824-e4f661818e95","2025-02-02 22:47:15"
"2cac0efc-8075-4b3a-bcc8-ab7ab8ef4070","52047cf4-cf4d-4e05-a764-1578bfa20fa8","2025-02-12 22:47:15"
"7121362f-f54a-4436-9b4a-c54bf9cc97b2","e51089ab-c6f3-45d6-a0b2-359948fce1b8","2024-11-09 22:47:15"
"21b39e1d-540b-42a5-9127-41e3977306ae","0991efe5-3944-418f-902f-74139ac4826c","2025-03-16 22:47:15"
"65289731-bb80-441d-abc6-e8768faad230","96af5e6b-7687-449f-931e-e12a41e1d025","2024-12-05 22:47:15"
"d8af3efd-9606-4191-9eae-139ae11e2fba","3ef708d1-f660-46c4-9fcd-0059537827ec","2024-12-14 22:47:15"
"29f17939-0490-4f83-997e-fe460862170f","b7deedd3-cd89-47a4-b67f-c67f69ddfcf0","2025-04-13 22:47:15"
"7e684a9a-a48b-420f-be65-df196c790549","4a9c0687-75e5-48a8-95b9-9066bc62a5ff","2025-01-17 22:47:15"
"c22cac7c-2253-4e32-9428-5629eee43ccb","5a1e3afc-335a-4013-b235-d945fbf32247","2024-12-31 22:47:15"
"88e211a8-444c-4707-ad98-92a46079e1de","9f2e65db-e36f-4886-9196-7086e73409fd","2025-01-12 22:47:15"
"223e60a9-4ec4-4f45-a807-02d9e7a2e39b","6fc85199-6dd4-47ae-a83a-e7aeb0aa0efa","2025-01-14 22:47:15"
"977e4ace-aa4a-4487-875d-a5f16b00d4a0","baedb95e-028f-4981-a170-5766ef8dda26","2025-04-27 22:47:15"
"5cf6479c-c845-4a14-bb59-a61d588c347a","f9df3b46-5686-4417-9e6f-ab64be711601","2024-12-24 22:47:15"
"20ac87f1-82e6-405d-89c6-5fcde8df25a2","b88003c8-b635-4d36-9484-649ba06bc1f7","2025-02-28 22:47:15"
"c401cbe5-2565-4762-a7a6-7841a9a32959","403dfc1a-9e79-4ab0-b473-3a815b7f4534","2025-01-17 22:47:15"
"2d9c8e85-8434-4a90-912c-b787fa2b5875","c0ec9000-1f35-407f-b2f0-e167787c05eb","2024-12-17 22:47:15"
"44a8c43c-7f04-42bd-b848-4366d89c7f6f","8261a68b-c9cd-4c57-ae67-3306271c4fe4","2024-12-18 22:47:15"
"e2c4e4ec-8eae-4c7a-8a71-8ff5a23fcfff","83db82fa-1fce-44e7-9492-f3ab1dd90538","2024-12-25 22:47:15"
"b4fd3db7-1ff9-4d16-8ff1-aeb802aceda2","145a67bd-0764-4738-94e0-0836c3c362be","2024-12-27 22:47:15"
"d6f83b76-551b-4143-8bbe-26bc2e344c60","b5ace9ee-698a-44fd-b078-857db19e5ae9","2025-02-01 22:47:15"
"e4fa3a78-c0f2-408a-8460-e99846db0184","e8402329-2e46-4ffa-b2a5-06618445ab9a","2024-12-14 22:47:15"
"5237a3f0-5ba5-45a9-94b0-abe6a02ceebb","8cce6140-77f4-4f0c-a445-a07e6075a83f","2024-11-12 22:47:15"
"e5643901-a911-4601-aae8-b3ae145be75d","a55d6b03-022b-4aea-8162-9f57610855c5","2025-04-02 22:47:15"
"d98cc4c0-f30c-4ee1-adc9-2f0000878dc0","5ad36d45-8334-43d0-88f0-a9d25865707f","2024-12-17 22:47:15"
"4fdb480d-c551-45eb-8bac-df4350bc2848","6422bec6-7264-48da-8558-a04f4c92025a","2025-03-22 22:47:15"
"5039f20a-4e4f-416d-9ce6-9b21d2f21e2c","0ea938d6-2ac8-46f4-85fa-7e5e524e4a00","2025-02-24 22:47:15"
"9f16ccc5-1d3f-420a-829c-91b526074f48","015665a4-4e09-4e91-8ee2-b8dcbeb8be80","2024-12-02 22:47:15"
"327fa3b6-a6a4-444e-8bef-8a2c261c3908","ba11428f-69e4-4f05-9a8d-5aacd91e0e20","2025-02-18 22:47:15"
"fb4800d4-bbd0-4a4a-88fb-6cc04ae113cc","3fb741a1-6e3f-4ada-b70e-445b3ee89dad","2024-11-09 22:47:15"
"f143408b-7565-43ef-8fb8-a90b4b0a7b98","7736503f-4be2-472a-8b7e-d27acdb7cbf8","2025-03-04 22:47:15"
"e883bc31-449d-43f0-be6b-bf3112ab0e09","4223a864-9539-4ba9-9bae-fecde3d5b050","2024-11-30 22:47:15"
"3ca63cef-fe04-4983-9f3a-411b28d8f16e","76ef5ffd-ee41-42cc-8097-c465602ac3ae","2024-12-14 22:47:15"
"80f93a8d-21a8-46d6-8202-6e35974e0ef4","8d4400c6-d57a-4bb0-b3d9-77f6e55117fb","2025-03-12 22:47:15"
"58df1a1a-df57-4e20-9719-74272b3943a6","08c2709b-d85d-4eef-97f2-ff9956a32012","2025-02-07 22:47:15"
"a165b953-71d8-422c-adab-bdb07a7b54b6","901d4284-b58f-4494-bf42-7983f0702675","2025-02-10 22:47:15"
"778b53a6-1c4f-4698-ab90-71ec6a7f0e74","6ed78d03-4143-48eb-b386-1c4d2dd7975c","2025-03-07 22:47:15"
"95fad362-6b2e-487c-ab2b-0629bb46bd14","86d2f590-23bf-47de-99a9-0b83b388f15a","2025-03-15 22:47:15"
"ed606a85-8ac1-40a8-814d-6cb516ec9bda","8e6e5a92-92d4-436f-9292-e25ecf067eea","2025-02-24 22:47:15"
"317d6470-def3-4f63-b16a-96a6ae4929e4","d6165922-0f09-4fd9-bc75-971fe0b48739","2025-04-30 22:47:15"
"10c01c67-a1db-4355-bab7-3b1eefc3b09c","a1d6d935-1e68-4ffd-8ac4-ad4617438f58","2024-11-20 22:47:15"
"74461bb4-d1ec-418e-ba1c-8bba47431ab1","03b1c49b-7f3a-43ab-9067-30a4017e0954","2025-03-12 22:47:15"
"706b9cf9-5e97-4270-a0c2-561213107b6a","9001b725-0f73-40ca-b4fc-156079f1fe3f","2025-01-01 22:47:15"
"200249c9-9a77-41ef-9a4a-9cddde9da753","87338ff3-dd91-4483-9308-60716c7ed81b","2025-03-30 22:47:15"
"528bb41e-d405-41e6-914f-4caf8893d296","93a273c0-c07a-4da3-9326-b1925f1c29be","2024-11-17 22:47:15"
"e117d220-fa7a-4dff-9ca2-0989d2030a70","5c7a8453-59bc-474b-8332-7c22b3160f5d","2025-03-21 22:47:15"
"e4409dff-c887-438f-b0ed-5eab1ebadec0","34649b69-170c-4111-87f0-bb174b4f5967","2025-02-13 22:47:15"
"2cecd241-4d54-4033-aad0-b3d7a90af355","4b6fe66e-0748-4f68-9137-c36e84a3d66a","2025-04-19 22:47:15"
"0c57d380-7378-4457-be26-eb7226f95502","f76b0148-2049-401c-9490-1a4f2c375c6a","2025-02-16 22:47:15"
"c639a99f-87ea-416d-8ce0-4af70fc17e26","57e84f0e-4429-405f-9ef6-5b32f5995693","2025-04-01 22:47:15"
"7e6d83ee-efd4-4c64-800c-a0337a7ca99c","6f87a53a-913a-4bce-a233-79a1a5f21f96","2025-04-03 22:47:15"
"a6df2b40-e5a0-4dc1-a0a7-38ea63fc1063","b1bc03a5-5980-4b65-a2d6-5a52f230303e","2024-12-19 22:47:15"
"aeec6d44-ee15-4187-9532-b1afc628a84a","6be87512-2849-46fd-a55d-2eed84f88f6a","2025-02-08 22:47:15"
"7962918a-d19e-4be1-8c33-459a76d44f79","6ad56c9d-1c94-48ad-9b5e-a0fd9a6b35df","2025-01-28 22:47:15"
"4c47be64-8a69-4b8c-a24f-74e36c99aba9","cf7c416d-f072-41ac-9485-2901268194dd","2025-02-16 22:47:15"
"76965922-0ee4-44a5-8d67-8c1c82bc55c7","cfc067d4-cd83-4558-8a06-e5d071eb3727","2024-12-02 22:47:15"
"cb55bd29-e7ed-4b64-88f8-7bdbf9022db5","2d0634cd-6077-4268-8da2-783c5462d3c9","2024-11-29 22:47:15"
"9a40c76a-cb8e-4849-b4b7-88431b97510c","37b3d0ec-3f60-46cd-9d0f-63146fa159d0","2025-01-14 22:47:15"
"a05a6c36-8b93-4bc3-835f-a38ada78f1ff","881f3816-08b7-4cd1-8c2e-f1c744579e02","2025-03-20 22:47:15"
"3c2ad869-628c-441f-a2de-ed19de913104","576a3571-e398-427f-899c-595f2a877657","2025-01-05 22:47:15"
"dbe9d8da-6f64-4927-a529-100d1dbf3359","789b2c0b-b359-41b6-b849-57b9153584f9","2025-01-14 22:47:15"
"0513e230-7a20-418c-96cd-a18db8d3690d","6b1347a8-e14d-4ec5-8031-71ed674a19ad","2025-02-26 22:47:15"
"385a41dc-cda9-4574-b1f9-e1021804fd69","771001e9-f375-4df1-9716-0017f514575d","2025-04-19 22:47:15"
"7de21b4f-8cce-4736-8a3d-5052e1ec359e","724b7b55-b194-4605-bab1-c9bd9aebde05","2025-01-03 22:47:15"
"eebcf9c2-32e0-404c-b008-7ea659ae7b8a","f1ac5be0-552b-4b6e-8dfb-80faa957e605","2025-02-17 22:47:15"
"ae31bd9c-aca9-461e-b0af-1f7fdd85c38b","ee84ae2f-3155-4f13-8d5c-8506ac3fa145","2025-04-12 22:47:15"
"6c29f403-556e-4df8-9bb3-97e159a28e83","8c46e153-ef41-42ae-9225-de111ee91809","2024-12-04 22:47:15"
"a063659c-2f6c-495e-a437-767cfbf80372","4f5854bc-5cb6-40ef-a737-4dc0b40efa70","2025-03-24 22:47:15"
"3d123928-30fb-4b77-8c0e-50c994f8dedc","59f030ed-725c-4cd6-abd7-5253a80c190a","2024-12-19 22:47:15"
"2813a1dd-054d-4a51-86d6-0acadd239586","574ea6c5-73be-452a-823e-42ef9f5dce8f","2025-01-20 22:47:15"
"c39c88d7-b74e-49ab-907d-f97f94196814","9d39a199-2cef-4439-bbf1-4f6715c4cbe1","2025-01-01 22:47:15"
"b1a68626-769e-49a0-8c56-f02eee671b72","c08463f9-52c4-4fa1-b2e9-9564f3aaedd5","2024-12-18 22:47:15"
"7b664242-06ae-4dbd-990b-daa31c4696bd","8dc6ae52-35c3-45f3-a611-0fb10d1e9fe0","2025-04-04 22:47:15"
"b0387403-6075-4810-b7ed-0bd3dabdb700","91ffac91-7079-45ff-bddb-974e1a1ef0c5","2025-02-04 22:47:15"
"7a349403-a4a8-4783-b633-cbeef0f6fd5f","2b9f7397-2dfa-462f-a9eb-93d1de99912f","2025-04-21 22:47:15"
"bf764724-028e-4e72-a4d6-e9011c79cd50","9ef28e7d-26cf-464c-b045-ed9573241232","2025-04-05 22:47:15"
"0be2c453-cc81-488a-8209-00c598a997f8","550ecfda-3c76-4556-9000-8d053874a7c3","2024-12-05 22:47:15"
"89e63894-665a-49d6-a436-3447e0a290fa","2ae5e2fc-aa8c-47c5-acbd-ee8e85d71e9f","2025-03-22 22:47:15"
"8ee2bda7-270e-4082-8063-b72fbf4ebb15","aeb7e692-5566-47bf-a874-1eb8476c493b","2025-03-03 22:47:15"
"b5f29c26-9d40-4e9d-9e6d-a228555d883e","4c9a181b-049d-4e91-b526-a87fc0e3313f","2024-11-17 22:47:15"
"ec8cd46c-2390-46f6-a08f-4a3aadd9cdd4","6e0b667d-6da8-47e1-a08d-dd1b13a1287d","2025-02-05 22:47:15"
"f9fe3eb1-42b3-4a80-8b9b-5d545d1747b1","9bb057d9-4d4d-4f92-8c9a-6fdfa416566b","2025-02-22 22:47:15"
"0f4f41ca-6f73-48fb-8f09-ee4a7ad79483","569a4a6f-7a80-441a-97fe-9c7b3333aadf","2025-02-27 22:47:15"
"01d206d5-3b37-4ef4-ab2a-8cf784386bff","baec8c0d-8c83-4e4b-8b56-03346e5ff3a3","2024-11-19 22:47:15"
"df1faedd-d8fb-40d1-9c96-04ed710c4a2d","7e2206c6-109e-4dd2-9194-8fcbb3161a5c","2025-04-16 22:47:15"
"814751dd-22b6-43f4-9683-260ea1131487","8a0be58c-5f5f-411f-b589-8c3c7a5001cf","2025-01-29 22:47:15"
"9178f083-2584-48b8-8764-9da8ebb5ecc6","3c3d1d08-b315-4e8d-b80c-00756594075d","2025-04-10 22:47:15"
"35185f33-e0ed-45d8-82bf-52e59ce4de3c","e49b5bfe-3262-462e-9e7e-11a41b054a5a","2024-12-25 22:47:15"
"eed6e7d0-ac3e-4a78-861b-f5909ec6b322","afb7229a-ff43-4b42-8b29-cb0719163f42","2025-05-02 22:47:15"
"d47c1985-ee35-4c09-a5ec-f1206eb2d6c7","b85032cf-e990-4d4f-a2ed-339d113e6912","2025-04-08 22:47:15"
"5259ed5f-0cd5-4766-b1a0-8d1537616f48","cf109d1c-db99-4038-a644-4cc47a6ee554","2025-02-08 22:47:15"
"a51d0534-29a3-4b34-bf7d-3bc71a315f7d","c476a42a-b0ec-40ef-9faa-cd513109dfb0","2025-02-14 22:47:15"
"54b9880e-41c4-48cd-8d0c-eb0cafc715e6","5be33823-ddff-4dca-96e0-e58af8f19491","2024-12-10 22:47:15"
"0ab8a7b1-55b1-4c77-973e-f865cc1aa2f2","e52a95d7-f0e2-4b27-a586-c141615b867a","2025-03-14 22:47:15"
"19b88f13-568c-4385-99dc-37426e3db844","98bf4c79-3bb0-45dd-8b4e-7b1d4da25ab3","2024-11-22 22:47:15"
"13b96c39-2ff4-45bd-9ede-d50e1500366b","d542592c-7566-4984-b73a-3ce33603744e","2025-01-25 22:47:15"
"f8bdf1bb-ace6-49b9-b95a-de255d155c23","972941b6-5b2a-4312-86ad-694d4d2372a1","2025-05-02 22:47:15"
"ec412f35-ccd2-4b06-bfeb-11afc158a4e6","29296124-1907-4c82-8506-4879552ee4bf","2024-11-26 22:47:15"
"eb0a5338-f487-405c-9d2f-f866e44559d9","8deea3cb-671e-4c65-9bd2-17634e22e28a","2025-01-02 22:47:15"
"9bd3e046-c5ac-40e0-832f-4b3cc9e8b186","51d57a11-b7fb-4d78-8ec1-c110137493bc","2025-01-20 22:47:15"
"1936e6ab-79ca-4cb1-86d4-6145225d7313","21cb1b0f-b507-40f1-b374-5853eac50b40","2024-12-26 22:47:15"
"7e6d57b2-3024-4948-bbcd-bcfbc13c0658","f2a1f8c1-9b54-435c-a9c9-548a3413bf51","2025-03-09 22:47:15"
"8bae9ca3-a11a-47af-9ea1-2d2451944399","0bc4fb33-4e9d-4ffc-a947-5a43cf25b8a9","2024-11-06 22:47:15"
"5b55997c-27c5-4a2a-881c-299d2430fd3a","da964a1c-e1f9-4256-b340-e14fc52a8a7e","2025-01-13 22:47:15"
"7f0ab731-081c-43fc-b8ed-db2c0e28c9d7","72ce2c56-9162-405e-b1ce-7b486107973e","2025-01-10 22:47:15"
"9bc58462-ba4a-4423-a918-38f90fa2ff35","7791541e-582a-4dfa-99a1-525b2c41ca73","2025-04-19 22:47:15"
"2b38445a-0e85-41eb-8ce1-d8c3a322f8d7","70037b5d-2ba5-4dc5-86d6-0a2ba0124d25","2024-11-29 22:47:15"
"7d4859ff-e386-4603-b6fb-0d6879328b47","0a94ce75-52a2-4406-acca-6405d595c998","2025-04-24 22:47:15"
"d89818c2-1773-4ec7-834f-76c41de4b413","1ddfcd04-8f70-489a-8eb9-47cf526e4db5","2025-03-15 22:47:15"
"1d50aa60-0571-4039-b426-65948aeaa20e","91e41c6d-2133-4939-b1a4-d1063f678bac","2024-11-22 22:47:15"
"21bd363d-49b8-4fcf-9f8a-bd145f78a105","c3ab1375-6332-4a84-9e98-646eb3f85359","2025-03-24 22:47:15"
"90e09738-456b-42ba-8401-f7edb9813aaf","cd0af85c-fc77-4b94-ae79-080f23ad58d4","2024-12-12 22:47:15"
"7ec9db99-bee7-4562-9133-6279f380bd5b","3b64f813-d6a6-431e-bf7a-418b5c0f5ddb","2025-03-10 22:47:15"
"7479bc27-035c-4eb5-91f4-9db58b7690c1","aa26ca9c-0940-4793-99d1-b57e2b085f93","2025-03-30 22:47:15"
"fc44fc1f-5199-4926-bc36-bed013b74e19","4d1ec178-63af-4536-9edf-74860b5de6d2","2025-02-24 22:47:15"
"6323477a-f57a-4c27-a11f-22d40e4b8161","574e8485-703e-41ec-b61b-861fa3bbd2cf","2025-04-09 22:47:15"
"825a0360-bc14-4f87-a2ab-e8fb26730599","201faaee-8b07-42fe-a34b-57643db7811c","2025-01-02 22:47:15"
"b420d7fd-c22f-43ef-9b23-81b86a6173af","a23d6efa-90dc-4256-a44d-8b537c3d4974","2024-12-04 22:47:15"
"03d96426-6f0b-4fb4-9ba3-6393cf6ff5b5","ef71e76b-4577-4f05-ae4f-a9734864c573","2024-12-10 22:47:15"
"12744087-af4f-4467-8989-3e4d30b474e0","71056f57-362e-4f12-87e6-47e1e81edf41","2025-03-22 22:47:15"
"685d019a-8a63-45d8-9e67-bd9dde83e7d1","1e2b7d43-d14b-41c8-8a98-ea718de7bd5b","2025-02-24 22:47:15"
"e2e917bb-7c1a-4273-b85c-57a4db46dce0","1b0ad7b0-596c-4c22-9795-84d4798dc5e6","2024-11-14 22:47:15"
"72e29289-1198-459a-b596-ba4983eb181e","1a9702d2-7b51-4b11-8084-22904ccde679","2024-12-12 22:47:15"
"059e4dfc-fde4-41b9-b049-7c08dc7c3de3","87648841-f934-4bc0-a7b3-1155e58834c4","2024-12-07 22:47:15"
"c5055f28-4b67-4ec8-8e75-2aff3f09eca5","dd6e6abf-d845-449a-b99d-fb10b667b2a8","2025-03-28 22:47:15"
