"product_id","category_id"
"b7616e49-f9e8-4696-a2ae-fe8bdcb24f55","913dc0f1-9f3c-4ede-8eb8-54e51a328eb8"
"b7616e49-f9e8-4696-a2ae-fe8bdcb24f55","0d7fd31b-ec62-475b-bebd-4277010b7e14"
"54aaef2b-d26a-4624-9d02-0a0f750f8f0b","e55b1e9d-1ec8-41e6-9421-c79ccef2da87"
"54aaef2b-d26a-4624-9d02-0a0f750f8f0b","0d7fd31b-ec62-475b-bebd-4277010b7e14"
"02019951-6514-4f8d-8ea9-d0e253473f5f","905d3b53-7771-4e10-9391-8aedce01090d"
"02019951-6514-4f8d-8ea9-d0e253473f5f","0d7fd31b-ec62-475b-bebd-4277010b7e14"
"f9b7f676-5f39-42e7-94b2-72da37ec2435","913dc0f1-9f3c-4ede-8eb8-54e51a328eb8"
"f9b7f676-5f39-42e7-94b2-72da37ec2435","0d7fd31b-ec62-475b-bebd-4277010b7e14"
"16fd140a-59be-4aec-9a5d-83b0ed729957","913dc0f1-9f3c-4ede-8eb8-54e51a328eb8"
"16fd140a-59be-4aec-9a5d-83b0ed729957","0d7fd31b-ec62-475b-bebd-4277010b7e14"
"79c0e6be-d908-4e6c-920f-b9238911d79d","913dc0f1-9f3c-4ede-8eb8-54e51a328eb8"
"79c0e6be-d908-4e6c-920f-b9238911d79d","0d7fd31b-ec62-475b-bebd-4277010b7e14"
"260a62cd-6cf2-4f91-9952-1169e85a87ce","913dc0f1-9f3c-4ede-8eb8-54e51a328eb8"
"260a62cd-6cf2-4f91-9952-1169e85a87ce","0d7fd31b-ec62-475b-bebd-4277010b7e14"
"d259090e-4474-47df-82b1-4dcfa6c5fe1f","913dc0f1-9f3c-4ede-8eb8-54e51a328eb8"
"d259090e-4474-47df-82b1-4dcfa6c5fe1f","0d7fd31b-ec62-475b-bebd-4277010b7e14"
"b8fe5055-9f83-4172-9e0e-d9dd39573580","913dc0f1-9f3c-4ede-8eb8-54e51a328eb8"
"b8fe5055-9f83-4172-9e0e-d9dd39573580","0d7fd31b-ec62-475b-bebd-4277010b7e14"
"37395930-9204-4e08-a509-b36114321de9","913dc0f1-9f3c-4ede-8eb8-54e51a328eb8"
"37395930-9204-4e08-a509-b36114321de9","0d7fd31b-ec62-475b-bebd-4277010b7e14"
"556f05e6-828e-4e82-917b-2d09c06cd751","913dc0f1-9f3c-4ede-8eb8-54e51a328eb8"
"556f05e6-828e-4e82-917b-2d09c06cd751","0d7fd31b-ec62-475b-bebd-4277010b7e14"
"155d3ac5-c186-4cc2-8ea1-1df253fcad6e","913dc0f1-9f3c-4ede-8eb8-54e51a328eb8"
"155d3ac5-c186-4cc2-8ea1-1df253fcad6e","0d7fd31b-ec62-475b-bebd-4277010b7e14"
"9fc5f4e3-9f92-4456-b9e0-f3b8d06cd58b","e55b1e9d-1ec8-41e6-9421-c79ccef2da87"
"9fc5f4e3-9f92-4456-b9e0-f3b8d06cd58b","0d7fd31b-ec62-475b-bebd-4277010b7e14"
"bbe620d8-10c1-41fc-bcb8-b70683449657","e55b1e9d-1ec8-41e6-9421-c79ccef2da87"
"bbe620d8-10c1-41fc-bcb8-b70683449657","0d7fd31b-ec62-475b-bebd-4277010b7e14"
"8a63361b-0f29-4564-b39b-6f54badf7c40","e55b1e9d-1ec8-41e6-9421-c79ccef2da87"
"8a63361b-0f29-4564-b39b-6f54badf7c40","0d7fd31b-ec62-475b-bebd-4277010b7e14"
"779042b5-9b33-4152-9c3f-99d391419eda","e55b1e9d-1ec8-41e6-9421-c79ccef2da87"
"779042b5-9b33-4152-9c3f-99d391419eda","0d7fd31b-ec62-475b-bebd-4277010b7e14"
"5f65ffae-99c0-42a4-92f6-f99ec4be70fe","905d3b53-7771-4e10-9391-8aedce01090d"
"5f65ffae-99c0-42a4-92f6-f99ec4be70fe","0d7fd31b-ec62-475b-bebd-4277010b7e14"
"4eded604-8a97-4376-b135-d3d3cde25975","e55b1e9d-1ec8-41e6-9421-c79ccef2da87"
"4eded604-8a97-4376-b135-d3d3cde25975","913dc0f1-9f3c-4ede-8eb8-54e51a328eb8"
"4eded604-8a97-4376-b135-d3d3cde25975","0d7fd31b-ec62-475b-bebd-4277010b7e14"
"e081ad71-c105-411c-9400-6bf48f62eb11","e55b1e9d-1ec8-41e6-9421-c79ccef2da87"
"e081ad71-c105-411c-9400-6bf48f62eb11","913dc0f1-9f3c-4ede-8eb8-54e51a328eb8"
"e081ad71-c105-411c-9400-6bf48f62eb11","0d7fd31b-ec62-475b-bebd-4277010b7e14"
"88396672-d1a2-4b53-b0b8-58a0b4498ff0","e55b1e9d-1ec8-41e6-9421-c79ccef2da87"
"88396672-d1a2-4b53-b0b8-58a0b4498ff0","913dc0f1-9f3c-4ede-8eb8-54e51a328eb8"
"88396672-d1a2-4b53-b0b8-58a0b4498ff0","0d7fd31b-ec62-475b-bebd-4277010b7e14"
"73c3d7e2-c369-46f1-a4b2-c42a3efc4b72","913dc0f1-9f3c-4ede-8eb8-54e51a328eb8"
"73c3d7e2-c369-46f1-a4b2-c42a3efc4b72","0d7fd31b-ec62-475b-bebd-4277010b7e14"
"ab4b3314-d245-4ac7-b8f7-64a1d5541684","913dc0f1-9f3c-4ede-8eb8-54e51a328eb8"
"ab4b3314-d245-4ac7-b8f7-64a1d5541684","0d7fd31b-ec62-475b-bebd-4277010b7e14"
"3667721b-7010-4dc1-8567-a4c232db5657","913dc0f1-9f3c-4ede-8eb8-54e51a328eb8"
"3667721b-7010-4dc1-8567-a4c232db5657","0d7fd31b-ec62-475b-bebd-4277010b7e14"
"5ed00fa0-2cc9-4cfc-8509-10a6d9900c02","913dc0f1-9f3c-4ede-8eb8-54e51a328eb8"
"5ed00fa0-2cc9-4cfc-8509-10a6d9900c02","0d7fd31b-ec62-475b-bebd-4277010b7e14"
"e8cb7287-a335-4265-8ebc-2d8e2d75da82","c08c82fb-b7a1-4e00-80bf-6256033f3e97"
"e8cb7287-a335-4265-8ebc-2d8e2d75da82","e99af53a-fc36-42f4-8798-d43afcfe481e"
"e8cb7287-a335-4265-8ebc-2d8e2d75da82","0d7fd31b-ec62-475b-bebd-4277010b7e14"
"1485e459-2834-4142-b49a-3931a3a82635","c08c82fb-b7a1-4e00-80bf-6256033f3e97"
"1485e459-2834-4142-b49a-3931a3a82635","e99af53a-fc36-42f4-8798-d43afcfe481e"
"1485e459-2834-4142-b49a-3931a3a82635","0d7fd31b-ec62-475b-bebd-4277010b7e14"
"7706528d-d7df-467e-977d-27562a0e30ae","e99af53a-fc36-42f4-8798-d43afcfe481e"
"7706528d-d7df-467e-977d-27562a0e30ae","0d7fd31b-ec62-475b-bebd-4277010b7e14"
"ff6cf50e-abfa-425e-b86d-dc340a9dc01d","e99af53a-fc36-42f4-8798-d43afcfe481e"
"ff6cf50e-abfa-425e-b86d-dc340a9dc01d","0d7fd31b-ec62-475b-bebd-4277010b7e14"
"f14e933c-556b-40ad-ad99-99fd0605ec78","e99af53a-fc36-42f4-8798-d43afcfe481e"
"f14e933c-556b-40ad-ad99-99fd0605ec78","0d7fd31b-ec62-475b-bebd-4277010b7e14"
"4070065a-cd43-4301-a136-e0fd51d56516","7feda1e5-de8c-4e36-b692-02d702a64e8f"
"4070065a-cd43-4301-a136-e0fd51d56516","0d7fd31b-ec62-475b-bebd-4277010b7e14"
"3623f561-9cb9-445f-8797-e42235f15592","5b9c5231-1678-4605-93a5-173cdca83ec7"
"3623f561-9cb9-445f-8797-e42235f15592","0d7fd31b-ec62-475b-bebd-4277010b7e14"
"c1b32a8d-e236-4120-b058-491741b4eaf0","5b9c5231-1678-4605-93a5-173cdca83ec7"
"c1b32a8d-e236-4120-b058-491741b4eaf0","0d7fd31b-ec62-475b-bebd-4277010b7e14"
"bcd16de3-270d-4b80-b3ff-876888a9758d","9c7c3c65-9a1d-46ec-93ea-8b8f3d907a54"
"bcd16de3-270d-4b80-b3ff-876888a9758d","0d7fd31b-ec62-475b-bebd-4277010b7e14"
"3f08ed9e-ab7d-4d0b-a863-17d5a5989ba3","9c7c3c65-9a1d-46ec-93ea-8b8f3d907a54"
"3f08ed9e-ab7d-4d0b-a863-17d5a5989ba3","0d7fd31b-ec62-475b-bebd-4277010b7e14"
"71918bab-77a7-4de6-8a56-b33d9c0dffff","9c7c3c65-9a1d-46ec-93ea-8b8f3d907a54"
"71918bab-77a7-4de6-8a56-b33d9c0dffff","905d3b53-7771-4e10-9391-8aedce01090d"
"71918bab-77a7-4de6-8a56-b33d9c0dffff","0d7fd31b-ec62-475b-bebd-4277010b7e14"
"8bfd9c6a-74c4-48e4-99ce-70d03039f6ef","9c7c3c65-9a1d-46ec-93ea-8b8f3d907a54"
"8bfd9c6a-74c4-48e4-99ce-70d03039f6ef","e55b1e9d-1ec8-41e6-9421-c79ccef2da87"
"8bfd9c6a-74c4-48e4-99ce-70d03039f6ef","0d7fd31b-ec62-475b-bebd-4277010b7e14"
"4684f70d-57f1-4df0-aa10-1cb921cb20cb","9c7c3c65-9a1d-46ec-93ea-8b8f3d907a54"
"4684f70d-57f1-4df0-aa10-1cb921cb20cb","e55b1e9d-1ec8-41e6-9421-c79ccef2da87"
"4684f70d-57f1-4df0-aa10-1cb921cb20cb","0d7fd31b-ec62-475b-bebd-4277010b7e14"
"04448f56-7845-4955-8a13-db3481c4f95a","9c7c3c65-9a1d-46ec-93ea-8b8f3d907a54"
"04448f56-7845-4955-8a13-db3481c4f95a","0d7fd31b-ec62-475b-bebd-4277010b7e14"
"3674331b-fd2f-48b5-8296-e997f79103f0","c08c82fb-b7a1-4e00-80bf-6256033f3e97"
"3674331b-fd2f-48b5-8296-e997f79103f0","e55b1e9d-1ec8-41e6-9421-c79ccef2da87"
"3674331b-fd2f-48b5-8296-e997f79103f0","0d7fd31b-ec62-475b-bebd-4277010b7e14"
"7323dd01-e23a-4e60-8b33-cc1ffc777a22","c08c82fb-b7a1-4e00-80bf-6256033f3e97"
"7323dd01-e23a-4e60-8b33-cc1ffc777a22","e55b1e9d-1ec8-41e6-9421-c79ccef2da87"
"7323dd01-e23a-4e60-8b33-cc1ffc777a22","0d7fd31b-ec62-475b-bebd-4277010b7e14"
"6c3644e4-2b67-4412-a3c1-7538fe79015e","c08c82fb-b7a1-4e00-80bf-6256033f3e97"
"6c3644e4-2b67-4412-a3c1-7538fe79015e","0d7fd31b-ec62-475b-bebd-4277010b7e14"
"d18492a1-b08c-4411-9b07-0dce076e6751","c08c82fb-b7a1-4e00-80bf-6256033f3e97"
"d18492a1-b08c-4411-9b07-0dce076e6751","913dc0f1-9f3c-4ede-8eb8-54e51a328eb8"
"d18492a1-b08c-4411-9b07-0dce076e6751","0d7fd31b-ec62-475b-bebd-4277010b7e14"
"dc72fc26-7c40-4a0d-bbb9-ba3413c59984","c08c82fb-b7a1-4e00-80bf-6256033f3e97"
"dc72fc26-7c40-4a0d-bbb9-ba3413c59984","7feda1e5-de8c-4e36-b692-02d702a64e8f"
"dc72fc26-7c40-4a0d-bbb9-ba3413c59984","0d7fd31b-ec62-475b-bebd-4277010b7e14"
"3fb80769-6bb4-4e66-9f03-2f4524222b86","c08c82fb-b7a1-4e00-80bf-6256033f3e97"
"3fb80769-6bb4-4e66-9f03-2f4524222b86","905d3b53-7771-4e10-9391-8aedce01090d"
"3fb80769-6bb4-4e66-9f03-2f4524222b86","0d7fd31b-ec62-475b-bebd-4277010b7e14"
"62ee8807-aae1-4feb-8261-db2d3b9333f8","c08c82fb-b7a1-4e00-80bf-6256033f3e97"
"62ee8807-aae1-4feb-8261-db2d3b9333f8","913dc0f1-9f3c-4ede-8eb8-54e51a328eb8"
"62ee8807-aae1-4feb-8261-db2d3b9333f8","0d7fd31b-ec62-475b-bebd-4277010b7e14"
"22f5698d-6798-4a8f-9de3-ac3f72ccbbe7","c08c82fb-b7a1-4e00-80bf-6256033f3e97"
"22f5698d-6798-4a8f-9de3-ac3f72ccbbe7","913dc0f1-9f3c-4ede-8eb8-54e51a328eb8"
"22f5698d-6798-4a8f-9de3-ac3f72ccbbe7","0d7fd31b-ec62-475b-bebd-4277010b7e14"
"84136c18-bb23-4504-b572-4b59dfe8b882","c08c82fb-b7a1-4e00-80bf-6256033f3e97"
"84136c18-bb23-4504-b572-4b59dfe8b882","0d7fd31b-ec62-475b-bebd-4277010b7e14"
"7ff6fe91-9096-4eaa-9ddf-e0f772c62c52","c08c82fb-b7a1-4e00-80bf-6256033f3e97"
"7ff6fe91-9096-4eaa-9ddf-e0f772c62c52","0d7fd31b-ec62-475b-bebd-4277010b7e14"
"a1724599-b1ff-44d3-bddf-2c7e3f488552","905d3b53-7771-4e10-9391-8aedce01090d"
"a1724599-b1ff-44d3-bddf-2c7e3f488552","0d7fd31b-ec62-475b-bebd-4277010b7e14"
"c22697c2-3cab-433e-b795-d382550b11bf","905d3b53-7771-4e10-9391-8aedce01090d"
"c22697c2-3cab-433e-b795-d382550b11bf","0d7fd31b-ec62-475b-bebd-4277010b7e14"
"171332da-5bd8-4def-9b30-1ad2e1531a66","905d3b53-7771-4e10-9391-8aedce01090d"
"171332da-5bd8-4def-9b30-1ad2e1531a66","0d7fd31b-ec62-475b-bebd-4277010b7e14"
"4ce15005-5060-41ed-992f-e2746ceb9586","7feda1e5-de8c-4e36-b692-02d702a64e8f"
"4ce15005-5060-41ed-992f-e2746ceb9586","0d7fd31b-ec62-475b-bebd-4277010b7e14"
"dba7f7db-3f72-4d68-8727-55635bc38da7","7feda1e5-de8c-4e36-b692-02d702a64e8f"
"dba7f7db-3f72-4d68-8727-55635bc38da7","0d7fd31b-ec62-475b-bebd-4277010b7e14"
"8f9a0603-42fb-458e-a21c-3e6c1e58b37d","7feda1e5-de8c-4e36-b692-02d702a64e8f"
"8f9a0603-42fb-458e-a21c-3e6c1e58b37d","5b9c5231-1678-4605-93a5-173cdca83ec7"
"8f9a0603-42fb-458e-a21c-3e6c1e58b37d","0d7fd31b-ec62-475b-bebd-4277010b7e14"
"de51f93a-fa59-495a-8e83-ee7e23caa87a","5b9c5231-1678-4605-93a5-173cdca83ec7"
"de51f93a-fa59-495a-8e83-ee7e23caa87a","0d7fd31b-ec62-475b-bebd-4277010b7e14"
"130ee3aa-f531-4830-aea1-cbaae988fe58","5b9c5231-1678-4605-93a5-173cdca83ec7"
"130ee3aa-f531-4830-aea1-cbaae988fe58","0d7fd31b-ec62-475b-bebd-4277010b7e14"
"0d04fcf5-8637-4a74-859f-1ddc37da0685","e99af53a-fc36-42f4-8798-d43afcfe481e"
"0d04fcf5-8637-4a74-859f-1ddc37da0685","0d7fd31b-ec62-475b-bebd-4277010b7e14"
"26326fd2-8a84-44b2-8e69-0399614136b9","0d7fd31b-ec62-475b-bebd-4277010b7e14"
"41ac718c-4618-443e-82c1-4db64f0a938c","905d3b53-7771-4e10-9391-8aedce01090d"
"41ac718c-4618-443e-82c1-4db64f0a938c","0d7fd31b-ec62-475b-bebd-4277010b7e14"
"ba6ffcf9-28d0-4030-af9f-9a7e698e932d","e55b1e9d-1ec8-41e6-9421-c79ccef2da87"
"94ee8c34-345a-46e1-8198-1e0b3bce303d","0d7fd31b-ec62-475b-bebd-4277010b7e14"
"97fe9be0-dc12-42db-8ad3-bd050a31db27","0d7fd31b-ec62-475b-bebd-4277010b7e14"
"27c918bf-eb80-4ba2-a45e-e14dadc3bc5f","0d7fd31b-ec62-475b-bebd-4277010b7e14"
"c2a73ca0-b476-4786-b8a0-03e4a9f29a61","e55b1e9d-1ec8-41e6-9421-c79ccef2da87"
"ba6ffcf9-28d0-4030-af9f-9a7e698e932d","0d7fd31b-ec62-475b-bebd-4277010b7e14"
"97fe9be0-dc12-42db-8ad3-bd050a31db27","913dc0f1-9f3c-4ede-8eb8-54e51a328eb8"
"c42a9bd4-8561-47df-9a03-cc91ed9d0ef7","0d7fd31b-ec62-475b-bebd-4277010b7e14"
"c2a73ca0-b476-4786-b8a0-03e4a9f29a61","0d7fd31b-ec62-475b-bebd-4277010b7e14"
"94ee8c34-345a-46e1-8198-1e0b3bce303d","e55b1e9d-1ec8-41e6-9421-c79ccef2da87"
"27c918bf-eb80-4ba2-a45e-e14dadc3bc5f","913dc0f1-9f3c-4ede-8eb8-54e51a328eb8"
"4ba96c59-dccc-4ff7-a824-0f139c76d5d5","0d7fd31b-ec62-475b-bebd-4277010b7e14"
"a7fae212-494d-442e-ad95-72cac6cd90bc","913dc0f1-9f3c-4ede-8eb8-54e51a328eb8"
"a7fae212-494d-442e-ad95-72cac6cd90bc","b296c247-b79d-4ba5-a5ae-6679dba68060"
"b0d909a2-ea71-453b-8468-edda64e0181e","e55b1e9d-1ec8-41e6-9421-c79ccef2da87"
"b0d909a2-ea71-453b-8468-edda64e0181e","b296c247-b79d-4ba5-a5ae-6679dba68060"
"f26c61a0-16a9-4e82-8aac-16280cfe5059","905d3b53-7771-4e10-9391-8aedce01090d"
"f26c61a0-16a9-4e82-8aac-16280cfe5059","b296c247-b79d-4ba5-a5ae-6679dba68060"
"2f1f0ffc-6474-481b-80bc-fbafc893a719","913dc0f1-9f3c-4ede-8eb8-54e51a328eb8"
"2f1f0ffc-6474-481b-80bc-fbafc893a719","b296c247-b79d-4ba5-a5ae-6679dba68060"
"29774e95-0b91-478a-87e1-2f62ccc4f832","913dc0f1-9f3c-4ede-8eb8-54e51a328eb8"
"29774e95-0b91-478a-87e1-2f62ccc4f832","b296c247-b79d-4ba5-a5ae-6679dba68060"
"6fe49dcb-3ebc-456e-8cdd-063dee91c977","913dc0f1-9f3c-4ede-8eb8-54e51a328eb8"
"6fe49dcb-3ebc-456e-8cdd-063dee91c977","b296c247-b79d-4ba5-a5ae-6679dba68060"
"4f39564a-f7fa-4b28-ac50-2b2305f11b7e","913dc0f1-9f3c-4ede-8eb8-54e51a328eb8"
"4f39564a-f7fa-4b28-ac50-2b2305f11b7e","b296c247-b79d-4ba5-a5ae-6679dba68060"
"ea18de7e-778e-49d0-a9ba-a8000947950d","913dc0f1-9f3c-4ede-8eb8-54e51a328eb8"
"ea18de7e-778e-49d0-a9ba-a8000947950d","b296c247-b79d-4ba5-a5ae-6679dba68060"
"d2ccb6ca-2820-4960-9bc9-cf359e39cec7","913dc0f1-9f3c-4ede-8eb8-54e51a328eb8"
"d2ccb6ca-2820-4960-9bc9-cf359e39cec7","b296c247-b79d-4ba5-a5ae-6679dba68060"
"501e750b-60ae-4375-a810-f4838870781d","913dc0f1-9f3c-4ede-8eb8-54e51a328eb8"
"501e750b-60ae-4375-a810-f4838870781d","b296c247-b79d-4ba5-a5ae-6679dba68060"
"ba2bc253-34ff-4a0f-9dcf-1f68c2b26c6e","913dc0f1-9f3c-4ede-8eb8-54e51a328eb8"
"ba2bc253-34ff-4a0f-9dcf-1f68c2b26c6e","b296c247-b79d-4ba5-a5ae-6679dba68060"
"94379d03-de8d-40db-a9f7-7f67c006268a","913dc0f1-9f3c-4ede-8eb8-54e51a328eb8"
"94379d03-de8d-40db-a9f7-7f67c006268a","b296c247-b79d-4ba5-a5ae-6679dba68060"
"6cd786bb-8479-4aaf-88f3-61fed33927ca","e55b1e9d-1ec8-41e6-9421-c79ccef2da87"
"6cd786bb-8479-4aaf-88f3-61fed33927ca","b296c247-b79d-4ba5-a5ae-6679dba68060"
"effd554f-e528-4412-8b0d-15dea113782b","e55b1e9d-1ec8-41e6-9421-c79ccef2da87"
"effd554f-e528-4412-8b0d-15dea113782b","b296c247-b79d-4ba5-a5ae-6679dba68060"
"f9dfbac1-6018-4e5f-a87d-6d16564f8e98","e55b1e9d-1ec8-41e6-9421-c79ccef2da87"
"f9dfbac1-6018-4e5f-a87d-6d16564f8e98","b296c247-b79d-4ba5-a5ae-6679dba68060"
"ae3c6ccd-fe54-469c-99f9-2e1808b62360","e55b1e9d-1ec8-41e6-9421-c79ccef2da87"
"ae3c6ccd-fe54-469c-99f9-2e1808b62360","b296c247-b79d-4ba5-a5ae-6679dba68060"
"c5eeef97-96d9-4b27-b638-7cbac839dedb","905d3b53-7771-4e10-9391-8aedce01090d"
"c5eeef97-96d9-4b27-b638-7cbac839dedb","b296c247-b79d-4ba5-a5ae-6679dba68060"
"252e3ee3-ff43-47ec-a47f-ddd7921a2ea8","e55b1e9d-1ec8-41e6-9421-c79ccef2da87"
"252e3ee3-ff43-47ec-a47f-ddd7921a2ea8","913dc0f1-9f3c-4ede-8eb8-54e51a328eb8"
"252e3ee3-ff43-47ec-a47f-ddd7921a2ea8","b296c247-b79d-4ba5-a5ae-6679dba68060"
"9ab4d40d-cdf0-45b7-ac21-05cd3414773f","e55b1e9d-1ec8-41e6-9421-c79ccef2da87"
"9ab4d40d-cdf0-45b7-ac21-05cd3414773f","913dc0f1-9f3c-4ede-8eb8-54e51a328eb8"
"9ab4d40d-cdf0-45b7-ac21-05cd3414773f","b296c247-b79d-4ba5-a5ae-6679dba68060"
"89760c5e-62f1-460c-9b44-db467bb393eb","e55b1e9d-1ec8-41e6-9421-c79ccef2da87"
"89760c5e-62f1-460c-9b44-db467bb393eb","913dc0f1-9f3c-4ede-8eb8-54e51a328eb8"
"89760c5e-62f1-460c-9b44-db467bb393eb","b296c247-b79d-4ba5-a5ae-6679dba68060"
"7e07d98e-97f8-44f7-bc5b-7724d8a2af43","913dc0f1-9f3c-4ede-8eb8-54e51a328eb8"
"7e07d98e-97f8-44f7-bc5b-7724d8a2af43","b296c247-b79d-4ba5-a5ae-6679dba68060"
"b9644037-c4cd-42d6-8b46-537c35d0c24a","913dc0f1-9f3c-4ede-8eb8-54e51a328eb8"
"b9644037-c4cd-42d6-8b46-537c35d0c24a","b296c247-b79d-4ba5-a5ae-6679dba68060"
"193b068e-1182-4f27-a0a2-a2415fc7ec55","913dc0f1-9f3c-4ede-8eb8-54e51a328eb8"
"193b068e-1182-4f27-a0a2-a2415fc7ec55","b296c247-b79d-4ba5-a5ae-6679dba68060"
"f5a133ad-7b63-49b1-a751-413ab080ad54","913dc0f1-9f3c-4ede-8eb8-54e51a328eb8"
"f5a133ad-7b63-49b1-a751-413ab080ad54","b296c247-b79d-4ba5-a5ae-6679dba68060"
"6bdbbdea-b5e5-4376-a443-e8fc79612af1","c08c82fb-b7a1-4e00-80bf-6256033f3e97"
"6bdbbdea-b5e5-4376-a443-e8fc79612af1","e99af53a-fc36-42f4-8798-d43afcfe481e"
"6bdbbdea-b5e5-4376-a443-e8fc79612af1","b296c247-b79d-4ba5-a5ae-6679dba68060"
"a2c37e8f-db1f-4296-bfbf-805dfe591fed","c08c82fb-b7a1-4e00-80bf-6256033f3e97"
"a2c37e8f-db1f-4296-bfbf-805dfe591fed","e99af53a-fc36-42f4-8798-d43afcfe481e"
"a2c37e8f-db1f-4296-bfbf-805dfe591fed","b296c247-b79d-4ba5-a5ae-6679dba68060"
"ddd5c1e3-edc7-49f7-b62c-2a520f4406fb","e99af53a-fc36-42f4-8798-d43afcfe481e"
"ddd5c1e3-edc7-49f7-b62c-2a520f4406fb","b296c247-b79d-4ba5-a5ae-6679dba68060"
"74304c23-b631-4e3a-a76e-6e862ffdc859","e99af53a-fc36-42f4-8798-d43afcfe481e"
"74304c23-b631-4e3a-a76e-6e862ffdc859","b296c247-b79d-4ba5-a5ae-6679dba68060"
"6c2afb93-1ede-4d8a-87ac-7bec3b55a15a","e99af53a-fc36-42f4-8798-d43afcfe481e"
"6c2afb93-1ede-4d8a-87ac-7bec3b55a15a","b296c247-b79d-4ba5-a5ae-6679dba68060"
"5442a234-a8c7-4563-ae3b-adfb8acb6f77","7feda1e5-de8c-4e36-b692-02d702a64e8f"
"5442a234-a8c7-4563-ae3b-adfb8acb6f77","b296c247-b79d-4ba5-a5ae-6679dba68060"
"5e7a7d25-6e3f-471b-a0fe-05c027cf14df","5b9c5231-1678-4605-93a5-173cdca83ec7"
"5e7a7d25-6e3f-471b-a0fe-05c027cf14df","b296c247-b79d-4ba5-a5ae-6679dba68060"
"8235cb8b-74c1-409a-9607-566974f73a4f","5b9c5231-1678-4605-93a5-173cdca83ec7"
"8235cb8b-74c1-409a-9607-566974f73a4f","b296c247-b79d-4ba5-a5ae-6679dba68060"
"07661481-11a4-4144-a488-db02acafdc72","9c7c3c65-9a1d-46ec-93ea-8b8f3d907a54"
"07661481-11a4-4144-a488-db02acafdc72","b296c247-b79d-4ba5-a5ae-6679dba68060"
"b54a523e-8c3e-48ad-9c8b-ad786651e7cf","9c7c3c65-9a1d-46ec-93ea-8b8f3d907a54"
"b54a523e-8c3e-48ad-9c8b-ad786651e7cf","b296c247-b79d-4ba5-a5ae-6679dba68060"
"ec842ef3-7f40-4765-bb30-36337813e9c0","9c7c3c65-9a1d-46ec-93ea-8b8f3d907a54"
"ec842ef3-7f40-4765-bb30-36337813e9c0","905d3b53-7771-4e10-9391-8aedce01090d"
"ec842ef3-7f40-4765-bb30-36337813e9c0","b296c247-b79d-4ba5-a5ae-6679dba68060"
"2f87ed1f-a469-44ca-9139-15f40e87cec4","9c7c3c65-9a1d-46ec-93ea-8b8f3d907a54"
"2f87ed1f-a469-44ca-9139-15f40e87cec4","e55b1e9d-1ec8-41e6-9421-c79ccef2da87"
"2f87ed1f-a469-44ca-9139-15f40e87cec4","b296c247-b79d-4ba5-a5ae-6679dba68060"
"43dfa8f0-3cc8-4ba2-ac6a-babb2aca8d20","9c7c3c65-9a1d-46ec-93ea-8b8f3d907a54"
"43dfa8f0-3cc8-4ba2-ac6a-babb2aca8d20","e55b1e9d-1ec8-41e6-9421-c79ccef2da87"
"43dfa8f0-3cc8-4ba2-ac6a-babb2aca8d20","b296c247-b79d-4ba5-a5ae-6679dba68060"
"9e92c05f-4fc2-4644-85f4-e887b4349d27","9c7c3c65-9a1d-46ec-93ea-8b8f3d907a54"
"9e92c05f-4fc2-4644-85f4-e887b4349d27","b296c247-b79d-4ba5-a5ae-6679dba68060"
"0efdbc1d-fb81-495c-b946-3c270b0ebdf1","c08c82fb-b7a1-4e00-80bf-6256033f3e97"
"0efdbc1d-fb81-495c-b946-3c270b0ebdf1","e55b1e9d-1ec8-41e6-9421-c79ccef2da87"
"0efdbc1d-fb81-495c-b946-3c270b0ebdf1","b296c247-b79d-4ba5-a5ae-6679dba68060"
"1686ee8a-7e0c-4f15-8fd6-4f0cc0287a49","c08c82fb-b7a1-4e00-80bf-6256033f3e97"
"1686ee8a-7e0c-4f15-8fd6-4f0cc0287a49","e55b1e9d-1ec8-41e6-9421-c79ccef2da87"
"1686ee8a-7e0c-4f15-8fd6-4f0cc0287a49","b296c247-b79d-4ba5-a5ae-6679dba68060"
"c0b61fe3-d303-48e6-a6da-826c779fa15e","c08c82fb-b7a1-4e00-80bf-6256033f3e97"
"c0b61fe3-d303-48e6-a6da-826c779fa15e","b296c247-b79d-4ba5-a5ae-6679dba68060"
"7956b013-3d92-40d6-8dff-22f101208b7a","c08c82fb-b7a1-4e00-80bf-6256033f3e97"
"7956b013-3d92-40d6-8dff-22f101208b7a","913dc0f1-9f3c-4ede-8eb8-54e51a328eb8"
"7956b013-3d92-40d6-8dff-22f101208b7a","b296c247-b79d-4ba5-a5ae-6679dba68060"
"f303a5e5-1b0a-49de-9f7f-76ad22454291","c08c82fb-b7a1-4e00-80bf-6256033f3e97"
"f303a5e5-1b0a-49de-9f7f-76ad22454291","7feda1e5-de8c-4e36-b692-02d702a64e8f"
"f303a5e5-1b0a-49de-9f7f-76ad22454291","b296c247-b79d-4ba5-a5ae-6679dba68060"
"33e238d4-b9cf-448e-b3ee-e97ec6edcede","c08c82fb-b7a1-4e00-80bf-6256033f3e97"
"33e238d4-b9cf-448e-b3ee-e97ec6edcede","905d3b53-7771-4e10-9391-8aedce01090d"
"33e238d4-b9cf-448e-b3ee-e97ec6edcede","b296c247-b79d-4ba5-a5ae-6679dba68060"
"59e032f8-65b3-458f-a502-bc20f10d9c48","c08c82fb-b7a1-4e00-80bf-6256033f3e97"
"59e032f8-65b3-458f-a502-bc20f10d9c48","913dc0f1-9f3c-4ede-8eb8-54e51a328eb8"
"59e032f8-65b3-458f-a502-bc20f10d9c48","b296c247-b79d-4ba5-a5ae-6679dba68060"
"e131a745-5ede-4ab2-82e8-46b7adfe536c","c08c82fb-b7a1-4e00-80bf-6256033f3e97"
"e131a745-5ede-4ab2-82e8-46b7adfe536c","913dc0f1-9f3c-4ede-8eb8-54e51a328eb8"
"e131a745-5ede-4ab2-82e8-46b7adfe536c","b296c247-b79d-4ba5-a5ae-6679dba68060"
"e5535c1f-45e3-479f-9027-79e5d59be8be","c08c82fb-b7a1-4e00-80bf-6256033f3e97"
"e5535c1f-45e3-479f-9027-79e5d59be8be","b296c247-b79d-4ba5-a5ae-6679dba68060"
"92b3c347-c5f3-4890-915a-c362f6739d66","c08c82fb-b7a1-4e00-80bf-6256033f3e97"
"92b3c347-c5f3-4890-915a-c362f6739d66","b296c247-b79d-4ba5-a5ae-6679dba68060"
"2148b254-5104-4ff5-b911-16279aa3d46c","905d3b53-7771-4e10-9391-8aedce01090d"
"2148b254-5104-4ff5-b911-16279aa3d46c","b296c247-b79d-4ba5-a5ae-6679dba68060"
"9ba0fddd-c286-4349-ad70-38ab09765308","905d3b53-7771-4e10-9391-8aedce01090d"
"9ba0fddd-c286-4349-ad70-38ab09765308","b296c247-b79d-4ba5-a5ae-6679dba68060"
"3963ef65-c59e-4508-810a-54a2744a3170","905d3b53-7771-4e10-9391-8aedce01090d"
"3963ef65-c59e-4508-810a-54a2744a3170","b296c247-b79d-4ba5-a5ae-6679dba68060"
"bfe29938-e6e8-4870-938e-8373b00e14ec","7feda1e5-de8c-4e36-b692-02d702a64e8f"
"bfe29938-e6e8-4870-938e-8373b00e14ec","b296c247-b79d-4ba5-a5ae-6679dba68060"
"8aa85b30-6824-4102-9540-fdb79d1b4c7b","7feda1e5-de8c-4e36-b692-02d702a64e8f"
"8aa85b30-6824-4102-9540-fdb79d1b4c7b","b296c247-b79d-4ba5-a5ae-6679dba68060"
"bb2a1caa-cf88-4c07-b469-545a06e45df9","7feda1e5-de8c-4e36-b692-02d702a64e8f"
"bb2a1caa-cf88-4c07-b469-545a06e45df9","5b9c5231-1678-4605-93a5-173cdca83ec7"
"bb2a1caa-cf88-4c07-b469-545a06e45df9","b296c247-b79d-4ba5-a5ae-6679dba68060"
"de1e080b-9ed5-4a1b-9c9e-c356d4a4260a","5b9c5231-1678-4605-93a5-173cdca83ec7"
"de1e080b-9ed5-4a1b-9c9e-c356d4a4260a","b296c247-b79d-4ba5-a5ae-6679dba68060"
"db88c997-1697-4173-9104-366811240e86","5b9c5231-1678-4605-93a5-173cdca83ec7"
"db88c997-1697-4173-9104-366811240e86","b296c247-b79d-4ba5-a5ae-6679dba68060"
"db987b08-6148-499d-9c70-d4edb27e94fc","e99af53a-fc36-42f4-8798-d43afcfe481e"
"db987b08-6148-499d-9c70-d4edb27e94fc","b296c247-b79d-4ba5-a5ae-6679dba68060"
"7269178d-55b5-4315-bc70-f9aba92c6eec","b296c247-b79d-4ba5-a5ae-6679dba68060"
"8f1cb271-8b90-42fa-94ca-dfe9b79b9ae7","905d3b53-7771-4e10-9391-8aedce01090d"
"8f1cb271-8b90-42fa-94ca-dfe9b79b9ae7","b296c247-b79d-4ba5-a5ae-6679dba68060"
"0a50c36a-92cd-4628-af70-bfa95e24ae2e","e55b1e9d-1ec8-41e6-9421-c79ccef2da87"
"8810e145-97ef-4a77-ba75-abfe8116f48d","b296c247-b79d-4ba5-a5ae-6679dba68060"
"0f0c4892-9c13-4f49-8db0-64f45c73ac72","b296c247-b79d-4ba5-a5ae-6679dba68060"
"df87aeb2-87f8-4cb4-9974-d015e5f58e0c","b296c247-b79d-4ba5-a5ae-6679dba68060"
"7f59054d-f411-4ecb-ba96-8dd09a956a7a","e55b1e9d-1ec8-41e6-9421-c79ccef2da87"
"0a50c36a-92cd-4628-af70-bfa95e24ae2e","b296c247-b79d-4ba5-a5ae-6679dba68060"
"0f0c4892-9c13-4f49-8db0-64f45c73ac72","913dc0f1-9f3c-4ede-8eb8-54e51a328eb8"
"0fc552fc-c46a-4088-8c56-35b7230d15ef","b296c247-b79d-4ba5-a5ae-6679dba68060"
"7f59054d-f411-4ecb-ba96-8dd09a956a7a","b296c247-b79d-4ba5-a5ae-6679dba68060"
"8810e145-97ef-4a77-ba75-abfe8116f48d","e55b1e9d-1ec8-41e6-9421-c79ccef2da87"
"df87aeb2-87f8-4cb4-9974-d015e5f58e0c","913dc0f1-9f3c-4ede-8eb8-54e51a328eb8"
"99de85fb-ce17-4afb-9db2-95e65f07f1e4","b296c247-b79d-4ba5-a5ae-6679dba68060"
"20d27472-8340-415d-af30-46b3b87b97b3","9c7c3c65-9a1d-46ec-93ea-8b8f3d907a54"
"20d27472-8340-415d-af30-46b3b87b97b3","b296c247-b79d-4ba5-a5ae-6679dba68060"
"efff7607-75d0-40b1-b7cf-326e7af073b5","9c7c3c65-9a1d-46ec-93ea-8b8f3d907a54"
"efff7607-75d0-40b1-b7cf-326e7af073b5","b296c247-b79d-4ba5-a5ae-6679dba68060"
"608fb107-a31d-43af-95e8-09ea3b95bc72","9c7c3c65-9a1d-46ec-93ea-8b8f3d907a54"
"608fb107-a31d-43af-95e8-09ea3b95bc72","b296c247-b79d-4ba5-a5ae-6679dba68060"
"bb48ec61-7597-4824-9642-3923a12bd0c2","9c7c3c65-9a1d-46ec-93ea-8b8f3d907a54"
"bb48ec61-7597-4824-9642-3923a12bd0c2","e55b1e9d-1ec8-41e6-9421-c79ccef2da87"
"bb48ec61-7597-4824-9642-3923a12bd0c2","b296c247-b79d-4ba5-a5ae-6679dba68060"
"9c78b2c4-5c7e-482f-828c-300abdfcc86b","9c7c3c65-9a1d-46ec-93ea-8b8f3d907a54"
"9c78b2c4-5c7e-482f-828c-300abdfcc86b","e55b1e9d-1ec8-41e6-9421-c79ccef2da87"
"9c78b2c4-5c7e-482f-828c-300abdfcc86b","b296c247-b79d-4ba5-a5ae-6679dba68060"
"9308fabe-8519-4753-8e07-6e871e3910ef","9c7c3c65-9a1d-46ec-93ea-8b8f3d907a54"
"9308fabe-8519-4753-8e07-6e871e3910ef","b296c247-b79d-4ba5-a5ae-6679dba68060"
"cbd12c83-01f5-480f-bd7d-610915882534","913dc0f1-9f3c-4ede-8eb8-54e51a328eb8"
"cbd12c83-01f5-480f-bd7d-610915882534","d55d03a5-8681-4852-b0e2-b9d6d17efdb4"
"c33bfa88-7ad6-4128-9edc-9c3c751a16ef","e55b1e9d-1ec8-41e6-9421-c79ccef2da87"
"c33bfa88-7ad6-4128-9edc-9c3c751a16ef","d55d03a5-8681-4852-b0e2-b9d6d17efdb4"
"55ff3928-ae5d-4636-8a7b-41dd936bc813","905d3b53-7771-4e10-9391-8aedce01090d"
"55ff3928-ae5d-4636-8a7b-41dd936bc813","d55d03a5-8681-4852-b0e2-b9d6d17efdb4"
"c666e6e9-6317-4484-bdb1-8a84cdcac293","913dc0f1-9f3c-4ede-8eb8-54e51a328eb8"
"c666e6e9-6317-4484-bdb1-8a84cdcac293","d55d03a5-8681-4852-b0e2-b9d6d17efdb4"
"7c238838-cee0-471a-97af-764d1b09adbe","913dc0f1-9f3c-4ede-8eb8-54e51a328eb8"
"7c238838-cee0-471a-97af-764d1b09adbe","d55d03a5-8681-4852-b0e2-b9d6d17efdb4"
"8ad9f808-0c15-4e93-b83c-7d46e90a53c0","913dc0f1-9f3c-4ede-8eb8-54e51a328eb8"
"8ad9f808-0c15-4e93-b83c-7d46e90a53c0","d55d03a5-8681-4852-b0e2-b9d6d17efdb4"
"f56df592-060c-4bd6-9c0e-376baf641bb1","913dc0f1-9f3c-4ede-8eb8-54e51a328eb8"
"f56df592-060c-4bd6-9c0e-376baf641bb1","d55d03a5-8681-4852-b0e2-b9d6d17efdb4"
"e057bcba-a512-493d-af2b-403a0ed95b23","913dc0f1-9f3c-4ede-8eb8-54e51a328eb8"
"e057bcba-a512-493d-af2b-403a0ed95b23","d55d03a5-8681-4852-b0e2-b9d6d17efdb4"
"16c133b4-b314-4171-b964-fe6332dfb300","913dc0f1-9f3c-4ede-8eb8-54e51a328eb8"
"16c133b4-b314-4171-b964-fe6332dfb300","d55d03a5-8681-4852-b0e2-b9d6d17efdb4"
"9f6531c1-65e6-4178-af60-50174c241e93","913dc0f1-9f3c-4ede-8eb8-54e51a328eb8"
"9f6531c1-65e6-4178-af60-50174c241e93","d55d03a5-8681-4852-b0e2-b9d6d17efdb4"
"9aa70c41-b5e6-4358-b8e8-81c0058cc7b9","913dc0f1-9f3c-4ede-8eb8-54e51a328eb8"
"9aa70c41-b5e6-4358-b8e8-81c0058cc7b9","d55d03a5-8681-4852-b0e2-b9d6d17efdb4"
"8649d26c-e2e1-439f-852f-bb4e6c0e7e7c","913dc0f1-9f3c-4ede-8eb8-54e51a328eb8"
"8649d26c-e2e1-439f-852f-bb4e6c0e7e7c","d55d03a5-8681-4852-b0e2-b9d6d17efdb4"
"8a0db478-183d-4c17-b646-6bda3d566f5e","e55b1e9d-1ec8-41e6-9421-c79ccef2da87"
"8a0db478-183d-4c17-b646-6bda3d566f5e","d55d03a5-8681-4852-b0e2-b9d6d17efdb4"
"8a56acc1-6711-4b00-9db9-79088ff300dc","e55b1e9d-1ec8-41e6-9421-c79ccef2da87"
"8a56acc1-6711-4b00-9db9-79088ff300dc","d55d03a5-8681-4852-b0e2-b9d6d17efdb4"
"d1bacf47-0321-4e6a-9d55-01f2c1df8231","e55b1e9d-1ec8-41e6-9421-c79ccef2da87"
"d1bacf47-0321-4e6a-9d55-01f2c1df8231","d55d03a5-8681-4852-b0e2-b9d6d17efdb4"
"28b76390-9c0d-4343-868e-950f94c21b67","e55b1e9d-1ec8-41e6-9421-c79ccef2da87"
"28b76390-9c0d-4343-868e-950f94c21b67","d55d03a5-8681-4852-b0e2-b9d6d17efdb4"
"fb407e2c-d70d-4c95-9abd-d0b3b083f18f","905d3b53-7771-4e10-9391-8aedce01090d"
"fb407e2c-d70d-4c95-9abd-d0b3b083f18f","d55d03a5-8681-4852-b0e2-b9d6d17efdb4"
"d50ef663-33a5-41d8-82f7-ec874f9eaaf6","e55b1e9d-1ec8-41e6-9421-c79ccef2da87"
"d50ef663-33a5-41d8-82f7-ec874f9eaaf6","913dc0f1-9f3c-4ede-8eb8-54e51a328eb8"
"d50ef663-33a5-41d8-82f7-ec874f9eaaf6","d55d03a5-8681-4852-b0e2-b9d6d17efdb4"
"706dce72-62e4-48ba-957d-25bcea349c76","e55b1e9d-1ec8-41e6-9421-c79ccef2da87"
"706dce72-62e4-48ba-957d-25bcea349c76","913dc0f1-9f3c-4ede-8eb8-54e51a328eb8"
"706dce72-62e4-48ba-957d-25bcea349c76","d55d03a5-8681-4852-b0e2-b9d6d17efdb4"
"254f8c22-f042-40e0-a16b-02d205d505ca","e55b1e9d-1ec8-41e6-9421-c79ccef2da87"
"254f8c22-f042-40e0-a16b-02d205d505ca","913dc0f1-9f3c-4ede-8eb8-54e51a328eb8"
"254f8c22-f042-40e0-a16b-02d205d505ca","d55d03a5-8681-4852-b0e2-b9d6d17efdb4"
"f0ccf7c2-e937-4be8-b22e-92c11cbf7aa6","913dc0f1-9f3c-4ede-8eb8-54e51a328eb8"
"f0ccf7c2-e937-4be8-b22e-92c11cbf7aa6","d55d03a5-8681-4852-b0e2-b9d6d17efdb4"
"1f42e829-cd68-42be-8c52-baaa99b4e241","913dc0f1-9f3c-4ede-8eb8-54e51a328eb8"
"1f42e829-cd68-42be-8c52-baaa99b4e241","d55d03a5-8681-4852-b0e2-b9d6d17efdb4"
"05fda86a-a4e4-47bc-b020-d219e3502a6c","913dc0f1-9f3c-4ede-8eb8-54e51a328eb8"
"05fda86a-a4e4-47bc-b020-d219e3502a6c","d55d03a5-8681-4852-b0e2-b9d6d17efdb4"
"f7d1668e-5359-44b7-aa14-9cc54046450f","913dc0f1-9f3c-4ede-8eb8-54e51a328eb8"
"f7d1668e-5359-44b7-aa14-9cc54046450f","d55d03a5-8681-4852-b0e2-b9d6d17efdb4"
"bdff49f9-0d9d-41ad-9e09-a6f785d35a8d","c08c82fb-b7a1-4e00-80bf-6256033f3e97"
"bdff49f9-0d9d-41ad-9e09-a6f785d35a8d","d55d03a5-8681-4852-b0e2-b9d6d17efdb4"
"325e9c24-afe5-4bf4-ab10-0833680900de","c08c82fb-b7a1-4e00-80bf-6256033f3e97"
"325e9c24-afe5-4bf4-ab10-0833680900de","d55d03a5-8681-4852-b0e2-b9d6d17efdb4"
"4e01dcf0-0596-486d-806e-ca28eb8594c2","e99af53a-fc36-42f4-8798-d43afcfe481e"
"4e01dcf0-0596-486d-806e-ca28eb8594c2","d55d03a5-8681-4852-b0e2-b9d6d17efdb4"
"8c889a78-2cc8-4e6b-8ff5-ff7c74c5b58d","e99af53a-fc36-42f4-8798-d43afcfe481e"
"8c889a78-2cc8-4e6b-8ff5-ff7c74c5b58d","d55d03a5-8681-4852-b0e2-b9d6d17efdb4"
"2b01d0ec-a3e2-4beb-ae25-84dfbdbab060","e99af53a-fc36-42f4-8798-d43afcfe481e"
"2b01d0ec-a3e2-4beb-ae25-84dfbdbab060","d55d03a5-8681-4852-b0e2-b9d6d17efdb4"
"bc116b44-962b-4694-aa63-441ae4920a53","7feda1e5-de8c-4e36-b692-02d702a64e8f"
"bc116b44-962b-4694-aa63-441ae4920a53","d55d03a5-8681-4852-b0e2-b9d6d17efdb4"
"a959c5bf-bb55-4343-a9ea-77f349f27707","5b9c5231-1678-4605-93a5-173cdca83ec7"
"a959c5bf-bb55-4343-a9ea-77f349f27707","d55d03a5-8681-4852-b0e2-b9d6d17efdb4"
"cfb5e342-d2a7-4f82-bee4-c7617d5a5b24","5b9c5231-1678-4605-93a5-173cdca83ec7"
"cfb5e342-d2a7-4f82-bee4-c7617d5a5b24","d55d03a5-8681-4852-b0e2-b9d6d17efdb4"
"73c776e8-e0a1-4940-85b7-c6aee9bf664d","9c7c3c65-9a1d-46ec-93ea-8b8f3d907a54"
"73c776e8-e0a1-4940-85b7-c6aee9bf664d","d55d03a5-8681-4852-b0e2-b9d6d17efdb4"
"9370b623-b67e-4f28-9d34-576303003acc","9c7c3c65-9a1d-46ec-93ea-8b8f3d907a54"
"9370b623-b67e-4f28-9d34-576303003acc","d55d03a5-8681-4852-b0e2-b9d6d17efdb4"
"63c5949f-46aa-45c1-9476-520a08475b4c","9c7c3c65-9a1d-46ec-93ea-8b8f3d907a54"
"63c5949f-46aa-45c1-9476-520a08475b4c","905d3b53-7771-4e10-9391-8aedce01090d"
"63c5949f-46aa-45c1-9476-520a08475b4c","d55d03a5-8681-4852-b0e2-b9d6d17efdb4"
"7e2710a7-dba7-46c8-ac8a-27d2c65c8318","9c7c3c65-9a1d-46ec-93ea-8b8f3d907a54"
"7e2710a7-dba7-46c8-ac8a-27d2c65c8318","e55b1e9d-1ec8-41e6-9421-c79ccef2da87"
"7e2710a7-dba7-46c8-ac8a-27d2c65c8318","d55d03a5-8681-4852-b0e2-b9d6d17efdb4"
"30e6917e-78d8-4610-8fd9-aae0b7568c91","9c7c3c65-9a1d-46ec-93ea-8b8f3d907a54"
"30e6917e-78d8-4610-8fd9-aae0b7568c91","e55b1e9d-1ec8-41e6-9421-c79ccef2da87"
"30e6917e-78d8-4610-8fd9-aae0b7568c91","d55d03a5-8681-4852-b0e2-b9d6d17efdb4"
"68eecf49-21b6-42bc-965a-6c8b726e1dc0","9c7c3c65-9a1d-46ec-93ea-8b8f3d907a54"
"68eecf49-21b6-42bc-965a-6c8b726e1dc0","d55d03a5-8681-4852-b0e2-b9d6d17efdb4"
"094e7962-8ca8-4ef1-b655-d028829e4f61","c08c82fb-b7a1-4e00-80bf-6256033f3e97"
"094e7962-8ca8-4ef1-b655-d028829e4f61","e55b1e9d-1ec8-41e6-9421-c79ccef2da87"
"094e7962-8ca8-4ef1-b655-d028829e4f61","d55d03a5-8681-4852-b0e2-b9d6d17efdb4"
"2196f208-6dba-4eef-add5-3abeb75f9881","c08c82fb-b7a1-4e00-80bf-6256033f3e97"
"2196f208-6dba-4eef-add5-3abeb75f9881","e55b1e9d-1ec8-41e6-9421-c79ccef2da87"
"2196f208-6dba-4eef-add5-3abeb75f9881","d55d03a5-8681-4852-b0e2-b9d6d17efdb4"
"99633744-35d4-4327-a1ea-beda2109b33a","c08c82fb-b7a1-4e00-80bf-6256033f3e97"
"99633744-35d4-4327-a1ea-beda2109b33a","d55d03a5-8681-4852-b0e2-b9d6d17efdb4"
"4ea8d952-3a0a-4f4f-beef-6705130c9e1f","c08c82fb-b7a1-4e00-80bf-6256033f3e97"
"4ea8d952-3a0a-4f4f-beef-6705130c9e1f","913dc0f1-9f3c-4ede-8eb8-54e51a328eb8"
"4ea8d952-3a0a-4f4f-beef-6705130c9e1f","d55d03a5-8681-4852-b0e2-b9d6d17efdb4"
"23cbf71a-000d-4947-a521-deaaba7b916f","c08c82fb-b7a1-4e00-80bf-6256033f3e97"
"23cbf71a-000d-4947-a521-deaaba7b916f","7feda1e5-de8c-4e36-b692-02d702a64e8f"
"23cbf71a-000d-4947-a521-deaaba7b916f","d55d03a5-8681-4852-b0e2-b9d6d17efdb4"
"7bb42aa9-9d9b-4019-80f3-77f3bab02d4f","c08c82fb-b7a1-4e00-80bf-6256033f3e97"
"7bb42aa9-9d9b-4019-80f3-77f3bab02d4f","905d3b53-7771-4e10-9391-8aedce01090d"
"7bb42aa9-9d9b-4019-80f3-77f3bab02d4f","d55d03a5-8681-4852-b0e2-b9d6d17efdb4"
"68010516-0a9d-4e26-8efe-d7910c5d66ac","c08c82fb-b7a1-4e00-80bf-6256033f3e97"
"68010516-0a9d-4e26-8efe-d7910c5d66ac","913dc0f1-9f3c-4ede-8eb8-54e51a328eb8"
"68010516-0a9d-4e26-8efe-d7910c5d66ac","d55d03a5-8681-4852-b0e2-b9d6d17efdb4"
"9fcf825b-1208-4f4f-bb34-e3212439fee4","c08c82fb-b7a1-4e00-80bf-6256033f3e97"
"9fcf825b-1208-4f4f-bb34-e3212439fee4","913dc0f1-9f3c-4ede-8eb8-54e51a328eb8"
"9fcf825b-1208-4f4f-bb34-e3212439fee4","d55d03a5-8681-4852-b0e2-b9d6d17efdb4"
"093a3277-7f5a-4c2f-942b-17aa737c1f43","c08c82fb-b7a1-4e00-80bf-6256033f3e97"
"093a3277-7f5a-4c2f-942b-17aa737c1f43","d55d03a5-8681-4852-b0e2-b9d6d17efdb4"
"52c9de84-dfef-4be6-ad73-0a8b5e25f7e9","c08c82fb-b7a1-4e00-80bf-6256033f3e97"
"52c9de84-dfef-4be6-ad73-0a8b5e25f7e9","d55d03a5-8681-4852-b0e2-b9d6d17efdb4"
